medicine,price,smcid
pralsetinib (Gavreto),3639.68,SMC2496
bulevirtide (Hepcludex),3735.49,SMC2520
nintedanib (Ofev),3168.69,SMC2513
pembrolizumab (Keytruda),2457.77,SMC2501
nivolumab (Opdivo),508.82,SMC2503
upadacitinib (Rinvoq),2309.52,SMC2532
eptinezumab (Vyepti),2265.35,SMC2547
burosumab (Crysvita),3290.62,SMC2514
tisagenlecleucel (Kymriah),603.8,SMC2566
setmelanotide (Imcivree),3422.28,SMC2565
estetrol / drospirenone (Drovelis),2884.72,SMC2564
mobocertinib (Exkivity),1695.13,SMC2516
ferric maltol (Feraccru),604.97,SMC2500
tepotinib (Tepmetko),2472.78,SMC2535
micronised progesterone (Utrogestan),1004.5,SMC2529
faricimab (Vabysmo),3520.66,SMC2512
upadacitinib (Rinvoq),2764.83,SMC2495
alpelisib (Piqray),1026.83,SMC2481
abemaciclib (Verzenios),2292.41,SMC2494
upadacitinib (Rinvoq),3815.32,SMC2480
finerenone (Kerendia),3310.11,SMC2486
zanubrutinib (Brukinsa),2431.64,SMC2528
belimumab (Benlysta),2262.53,SMC2477
levofloxacin plus dexamethasone (Ducressa) ,3620.99,SMC2511
faricimab (Vabysmo) ,2562.55,SMC2499
venetoclax (Venclyxto®),817.29,SMC2509
 sodium zirconium (Lokelma),1536.69,SMC2515
buprenorphine and naloxone (Zubsolv),3877.7,SMC2123
esketamine (Spravato®),1707.32,SMC2539
belimumab (Benlysta),3104.64,SMC2530
asciminib (Scemblix),3231.1,SMC2482
pembrolizumab (Keytruda),3786.21,SMC2479
pembrolizumab (Keytruda),3429.59,SMC2474
upadacitinib (Rinvoq),1115.73,SMC2510
brolucizumab (Beovu),2545.49,SMC2508
filgotinib (Jyseleca),3871.82,SMC2475
ozanimod (Zeposia),2157.61,SMC2478
pembrolizumab (Keytruda),1230.34,SMC2460
"defatted powder of Arachis hypogaea L, semen (peanuts) (Palforzia)",3175.57,SMC2487
estradiol / micronised progesterone (Bijuve),3860.5,SMC2502
tofacitinib (Xeljenz),3018.78,SMC2463
imlifidase (Idefirix),3910.78,SMC2445
apalutamide (Erleada),3107.22,SMC2472
nivolumab (Opdivo) ,3036.62,SMC2458
delta-9-tetrahydrocannabinol and cannabidiol (Sativex),1608.44,SMC2473
trifarotene (Aklief),3845.78,SMC2441
velmanase alfa (Lamzede),551.14,SMC2466
beclometasone dipropionate/formoterol fumarate dehydrate/glycopyrronium bromide (Trimbow),2491.37,SMC2334
somatrogon (Ngenla),2725.11,SMC2493
potassium citrate/potassium hydrogen carbonate (Sibnayal),2803.77,SMC2409
remimazolam (Byfavo),1663.23,SMC2454
atezolizumab (Tecentriq),2488.87,SMC2492
daratumumab (Darzalex) ,3571.52,SMC2447
roxadustat (Evrenzo),1214.88,SMC2461
solriamfetol (Sunosi),2248.25,SMC2439
delafloxacin (Quofenix),742.89,SMC2453
pegcetacoplan (Aspaveli),2745.34,SMC2451
vedolizumab (Entyvio),1417.42,SMC2506
enfortumab vedotin (Padcev),1196.3,SMC2505
crizanlizumab (Adakveo),3529.45,SMC2438
odevixibat (Bylvay),3433.67,SMC2411
lenvatinib (Kisplyx),1103.83,SMC2476
relugolix/estradiol/norethisterone acetate (Ryeqo),1967.41,SMC2442
abrocitinib (Cibinqo),2192.38,SMC2431
ixekizumab (Taltz),2830.5,SMC2440
ruxolitinib (Jakavi®),3739.4,SMC2498
ropeginterferon alfa-2b (Besremi),2868.21,SMC2421
pembrolizumab (Keytruda),1258.9,SMC2420
mepolizumab (Nucala),1370.49,SMC2491
filgotinib (Jyseleca),1613.49,SMC2467
nivolumab (Opdivo),1598.32,SMC2429
venetoclax (Venclyxto),2642.43,SMC2427
daratumumab IV and SC (Darzalex),3738.27,SMC2416
cemiplimab (Libtayo),3553.28,SMC2489
mepolizumab (Nucala),1144.27,SMC2488
mepolizumab (Nucala),1805.88,SMC2490
oritavancin (Tenkasi),2741.02,SMC2285
liraglutide (Saxenda),3213.64,SMC2455
dapagliflozin (Forxiga),1076.91,SMC2428
ibrutinib (Imbruvica),933.28,SMC2485
belimumab (Benlysta),2170.21,SMC2483
carfilzomib (Kyprolis),3073.52,SMC2484
fedratinib (Inrebic),501.51,SMC2462
upadacitinib (Rinvoq),3495.57,SMC2417
risankizumab (Skyrizi),2586.6,SMC2459
venetoclax (Venclyxto),2975.03,SMC2412
atidarsagene autotemcel (Libmeldy),1560.14,SMC2413
hydrocortisone modified-release hard capsules (Efmody),661.64,SMC2414
sotorasib (Lumykras),836.83,SMC2443
betula verrucosa (Itulazax) ,1225.02,SMC2471
givosiran (Givlaari) ,3971.2,SMC2470
daratumumab (Darzalex®),2932.56,SMC2469
blinatumomab (Blincyto®) ,2190.38,SMC2468
berotralstat (Orladeyo)  ,3008.31,SMC2405
solriamfetol (Sunosi),2238.61,SMC2419
lorlatinib (Lorviqua),3857.46,SMC2415
sacituzumab govitecan (Trodelvy),2644.84,SMC2446
dostarlimab (Jemperli) ,3657.73,SMC2404
nivolumab (Opdivo),2798.76,SMC2385
enzalutamide (Xtandi)  ,2820.61,SMC2400
pemigatinib (Pemazyre)  ,2926.45,SMC2399
cannabidiol (Epidyolex)  ,2708.3,SMC2402
cenobamate (Ontozry),3382.34,SMC2408
diroximel fumarate (Vumerity),1247.37,SMC2444
risdiplam (Evrysdi)  ,3557.99,SMC2401
opicapone (Ongentys),3197.63,SMC2430
budesonide (Cortiment),1315.55,SMC2448
osimertinib (Tagrisso),2094.75,SMC2382
tralokinumab (Adtralza) ,1672.17,SMC2403
tucatinib (Tukysa),3129.57,SMC2398
nivolumab (Opdivo),3926.56,SMC2397
eculizumab (Soliris),1110.54,SMC2456
trastuzumab deruxtecan (Enhertu),1163.89,SMC2388
nivolumab (Opdivo),813.7,SMC2394
olaparib (Lynparza),642.24,SMC2368
nitisinone (Orfadin),2917.04,SMC2450
anakinra (Kineret),651.66,SMC2449
tirbanibulin (Klisyri),3192.68,SMC2395
tafamidis (Vyndaqel),3114.11,SMC2426
ibrutinib (Imbruvica),726.95,SMC2387
olopatadine hydrochloride and mometasone furoate monohydrate (Ryaltris),3053.09,SMC2418
amikacin (Arikayce),2793.76,SMC2432
buprenorphine implant (Sixmo),1368.43,SMC2372
durvalumab (Imfinzi),1027.63,SMC2434
olaparib (Lynparza),1186.81,SMC2436
olaparib (Lynparza),1031.56,SMC2435
sebelipase alfa (Kanuma),652.57,SMC2437
asfotase alfa (Strensiq),1457.05,SMC2433
pembrolizumab (Keytruda) ,2430.24,SMC2380
atezolizumab (Tecentriq) ,1073.91,SMC2379
osimertinib (Tagrisso),2734.57,SMC2383
selpercatinib (Retsevmo) ,974.89,SMC2371
bimekizumab (Bimzelx),1368.78,SMC2410
ponesimod (Ponvory),1476.14,SMC2384
olaparib (Lynparza),2198.86,SMC2366
cabozantinib (Cabometyx),876.45,SMC2386
empagliflozin (Jardiance),1163.04,SMC2396
bempedoic acid/ezetimibe (Nustendi),2291.55,SMC2406
vericiguat (Verquvo),1715.05,SMC2425
isatuximab (Sarclisa),2503.54,SMC2423
midazolam (Ozalin),857.68,SMC2392
avapritinib (Ayvakyt),1139.28,SMC2424
chloroprocaine hydrochloride (Ampres),3623.82,SMC2373
cabotegravir (Vocabria),2285.25,SMC2376
pembrolizumab (Keytruda) ,1742.79,SMC2375
selpercatinib (Retsevmo),2016.66,SMC2370
mercaptamine (Procysbi),1262.39,SMC2374
filgotinib (Jyseleca),3872.47,SMC2365
patiromer sorbitex calcium (Veltassa)  ,2475.67,SMC2381
olaparib (Lynparza),527.53,SMC2367
nivolumab (Opdivo),1319.73,SMC2362
guselkumab (Tremfya),697.99,SMC2360
avelumab (Bavencio),1780.68,SMC2359
inclisiran (Leqvio),2701.92,SMC2358
avatrombopag (Doptelet),2520.61,SMC2345
autologous anti-CD19-transduced CD3+ cells (KTE-X19) (Tecartus),2443.33,SMC2351
elotuzumab (Empliciti),2631.45,SMC2407
delafloxacin (Quofenix),2014.53,SMC2393
fostemsavir (Rukobia),1926.48,SMC2389
imipenem/cilastatin/relabactam (Recarbrio),2659.75,SMC2390
bempedoic acid (Nilemdo),2502.5,SMC2363
atezolizumab (Tecentriq),1250.2,SMC2349
ofatumumab (Kesimpta),740.99,SMC2357
pertuzumab and trastuzumab (Phesgo),950.22,SMC2364
ramucirumab (Cyramza),6000.98,SMC2291
5-aminolevulinic acid (Alacare),2649.99,SMC2353
baricitinib (Olumiant),1234.56,SMC2337
mogamulizumab (Poteligeo),6356.25,SMC2336
nintedanib (Ofev),2500.12,SMC2331
trifluridine/tipiracil (Lonsurf),499.99,SMC2329
vigabatrin (Kigabeq),2499.99,SMC2352
acalabrutinib (Calquence),7000.25,SMC2347
ravulizumab (Ultomiris),2555.69,SMC2330
chlormethine hydrochloride (Ledaga),5003.18,SMC2318
glycopyrronium/formoterol fumarate dihydrate (Bevespi Aerosphere),5378.23,SMC2377
upadacitinib (Rinvoq),5126.25,SMC2361
indacaterol/mometasone furoate (Atectura Breezhaler),9450.25,SMC2356
indacaterol/glycopyrronium/mometasone furoate (Enerzair Breezhaler),4502.23,SMC2355
niraparib (Zejula),4000,SMC2338
encorafenib (Braftovi),5000,SMC2312
acalabrutinib (Calquence),2075.2,SMC2348
isatuximab (Sarclisa),2149.5,SMC2303
dapagliflozin (Forxiga),2391.87,SMC2322
galcanezumab (Emgality),2890.75,SMC2313
dupilumab (Dupixent),1221.14,SMC2317
acalabrutinib (Calquence),2117.49,SMC2346
ataluren (Translarna),2050.19,SMC2327
onasemnogene abeparvovec (Zolgensma),814.69,SMC2311
beclometasone dipropionate/formoterol fumarate dehydrate/glycopyrronium bromide (Trimbow),3389.55,SMC2335
doravirine (Pifeltro),3811.15,SMC2332
doravirine/lamivudine/tenofovir disoproxil fumarate (Delstrigo),3385.95,SMC2333
trametinib (Mekinist),1190.19,SMC2328
entrectinib (Rozlytrek),3110.58,SMC2295
imipenem/cilastatin/relabactam (Recarbrio),2647.15,SMC2342
afamelanotide (Scenesse),3043.18,1251/17
formoterol fumarate dihydrate/glycopyrronium/budesonide (Trixeo Aerosphere),1007.47,SMC2321
upadacitinib (Rinvoq),2932.44,SMC2315
apremilast (Otezla),592.76,SMC2340
glasdegib (Daurismo),721.16,SMC2341
alpelisib (Piqray),3010.31,SMC2339
omalizumab (Xolair),2344.17,SMC2344
mercaptamine (Cystadrops),3870.35,SMC2343
buprenorphine/naloxone (Suboxone),3535.51,SMC2316
leuprorelin acetate (Prostap DCS),642.51,SMC2320
leuprorelin acetate (Prostap DCS),3738.83,SMC2319
ozanimod (Zeposia),1403.86,SMC2309
ravulizumab (Ultomiris),2497.15,SMC2305
talazoparib (Talzenna),3053.26,SMC2325
dupilumab (Dupixent),1720.76,SMC2324
secukinumab (Cosentyx),3033.54,SMC2308
daratumumab (Darzalex),798.6,SMC2326
melatonin (Slenyto),3559.82,SMC2306
fostamatinib (Tavlesse),3580.26,SMC2300
brentuximab vedotin (Adcetris),531.53,SMC2310
brigatinib (Alunbrig),2223.86,SMC2314
entrectinib (Rozlytrek),3632.4,SMC2294
daratumumab (Darzalex),1668.14,SMC2302
avatrombopag (Doptelet),507.08,SMC2296
mexiletine (Namuscla),2421.29,SMC2307
venetoclax (Venclyxto),3323.55,SMC2293
trastuzumab emtansine (Kadcyla),3255.77,SMC2298
atezolizumab (Tecentriq),3375.36,SMC2267
darolutamide (Nubeqa),924.05,SMC2297
atezolizumab (Tecentriq),2314.88,SMC2279
volanesorsen sodium (Waylivra),3252.64,SMC2299
trabectedin (Yondelis),2871.09,SMC2283
romosozumab (Evenity),1077.42,SMC2280
avelumab (Bavencio),2742.04,SMC2248
siponimod (Mayzent),989.64,SMC2265
lenalidomide (Revlimid),3422.17,SMC2281
carfilzomib (Kyprolis),2102.78,SMC2290
meropenem/vaborbactam (Vaborem),2092.21,SMC2278
lenalidomide (Revlimid),1614.42,SMC2289
ibrutinib (Imbruvica),1164.89,SMC2259
cerliponase alfa (Brineura),1970.01,SMC2286
budesonide (Jorveza),2847.1,SMC2158
daratumumab (Darzalex),2755.18,SMC2304
daratumumab (Darzalex),874.76,SMC2301
semaglutide (Rybelsus),1275.98,SMC2287
andexanet alfa (Ondexxya),3032.31,SMC2273
brolucizumab (Beovu),1596.52,SMC2272
cannabidiol (Epidyolex) ,564.82,SMC2262
cannabidiol (Epidyolex) ,3118.69,SMC2263
caplacizumab (Cablivi),3666.71,SMC2266
ex vivo expanded autologous human corneal epithelial cells containing stem cells (Holoclar),2634.68,SMC2261
esketamine (Spravato),3711.8,SMC2258
fluocinolone acetonide (Iluvien),3201.69,SMC2260
gilteritinib (Xospata),2173.51,SMC2252
pembrolizumab (Keytruda),2284.12,SMC2247
pembrolizumab (Keytruda),3861.76,SMC2257
pertuzumab (Perjeta),1679.05,SMC2284
polatuzumab vedotin (Polivy),773.35,SMC2282
sodium zirconium cyclosilicate (Lokelma),2710.36,SMC2288
vedolizumab (Entyvio),2406.75,SMC2276
neratinib (Nerlynx),3305.43,SMC2251
vedolizumab (Entyvio),2285.48,SMC2277
hydroxycarbamide (Xromi),3656.62,SMC2271
insulin glargine/lixisenatide (Suliqua),2690.44,SMC2235
naldemedine (Rizmoic),726.38,SMC2242
ustekinumab (Stelara),2329.39,SMC2250
fampridine (Fampyra),1448.99,SMC2253
rucaparib (Rubraca),1229.15,SMC2224
blinatumomab (Blincyto),2365.27,SMC2234
lorlatinib (Lorviqua),3491.27,SMC2239
ranibizumab (Lucentis),3472.85,SMC2274
cinacalcet hydrochloride (Mimpara),2322.17,SMC2275
daratumumab (Darzalex),3052.95,SMC2269
voretigene neparvovec (Luxturna),1276.43,SMC2228
burosumab (Crysvita),3786.86,SMC2240
cemiplimab (Libtayo),3369.94,SMC2216
teduglutide (Revestive),1185.39,SMC2225
encorafenib (Braftovi),3655.23,SMC2238
plerixafor (Mozobil),1845.59,SMC2249
apalutamide (Erleada),3588.36,SMC2268
ranibizumab (Lucentis),2512.07,SMC2270
abiraterone acetate (Zytiga),3652.27,SMC2215
ocrelizumab (Ocrevus),1153.42,SMC2223
fremanezumab (Ajovy),2800.19,SMC2226
brentuximab (Adcetris),1934.3,SMC2229
dupilumab (Dupixent),1737.1,SMC2232
zanamivir (Dectova),1001.77,SMC2204
lanadelumab (Takhzyro),1708.17,SMC2206
olaparib (Lynparza),3590.48,SMC2209
trabectedin (Yondelis),3779.75,SMC2210
ruxolitinib (Jakavi),814.04,SMC2213
lusutrombopag (Mulpleo),1206.73,SMC2227
atezolizumab (Tecentriq),2580.86,SMC2254
prasterone (Intrarosa),1689.13,SMC2255
ceftolozane/tazobactam (Zerbaxa),3071.64,SMC2256
pentosan polysulfate sodium (Elmiron),1992.33,SMC2194
ribociclib (Kisqali),3477.84,SMC2198
lenvatinib (Kisplyx),1510.96,SMC2199
atezolizumab (Tecentriq),2861.98,SMC2208
imiquimod (Zyclara),2881.21,SMC2211
clostridium botulinum neurotoxin type A (Xeomin),2695.77,SMC2212
glecaprevir/pibrentasvir (Maviret),2640.4,SMC2214
trientine tetrahydrochloride (Cuprior),633.79,SMC2222
ibrutinib (Imbruvica),2581.72,SMC2244
ibrutinib (Imbruvica),824.26,SMC2245
ramucirumab (Cyramza),3234.2,SMC2246
axicabtagene ciloleucel (Yescarta),2432.59,SMC2189
triptorelin acetate (Decapeptyl),3412.61,SMC2186
enzalutamide (Xtandi),1494.51,SMC2195
risankizumab (Skyrizi),1756.13,SMC2196
pembrolizumab (Keytruda),1781.72,SMC2207
eculizumab (Soliris),2335.51,SMC2236
glibenclamide (Amglidia),1913.73,SMC2237
dapagliflozin (Forxiga),2832.19,SMC2185
ospemifene (Senshio),2027.32,SMC2170
dacomitinib (Vizimpro),2260.1,SMC2184
pembrolizumab (Keytruda),2509.77,SMC2187
tisagenlecleucel (Kymriah),3746.42,SMC2200
dolutegravir lamivudine (Dovato),3647.68,SMC2205
eribulin (Halaven),1602.11,SMC2231
buprenorphine (Buvidal),3404.98,SMC2169
rucaparib (Rubraca),1704.99,SMC2221
empaglifozin linagliptin fixed-dose combination (Glyxambi),615.03,SMC1236/17
venetoclax (Venclyxto),881.83,SMC2166
tildrakizumab (Ilumetri),913.34,SMC2167
perampanel (Fycompa),2468.14,SMC2172
lumacaftor-ivacaftor (Orkambi),3582.51,SMC2182
tezacaftor-ivacaftor (Symkevi),3246.26,SMC2183
inotersen (Tegsedi),3120.67,SMC2188
lenalidomide (Revlimid),1732.9,SMC2217
perampanel (Fycompa),1733.82,SMC2218
pomalidomide (Imnovid),3892.91,SMC2219
darvadstrocel (Alofisel),2818.42,SMC2115
palbociclib (Ibrance),1064.66,SMC2149
arsenic trioxide (Trisenox),3465.25,SMC2181
daratumumab (Darzalex),2131.74,SMC2180
golimumab (Simponi),924.77,SMC2203
brigatinib (Alunbrig),569.84,SMC2147
durvalumab (Imfinzi),3715.44,SMC2156
nivolumab (Opdivo),3394.1,SMC2153
fingolimod (Gilenya),3215.96,SMC2154
patisiran (Onpattro),2801.15,SMC2157
benralizumab (Fasenra),3166.17,SMC2155
fluticasone/formoterol (Flutiform),3703.02,SMC2178
alirocumab (Praluent),771.49,SMC2201
brentuximab vedotin (Adcetris),1234.61,SMC2202
abemaciclib (Verzenios),1366.87,SMC2135
cariprazine (Reagila),1071.86,SMC2137
doxylamine succinate and pyridoxine hydrochloride (Xonvea),993.31,SMC2140
pembrolizumab (Keytruda),902.27,SMC2144
latanoprost + timolol (Fixapost),2521.63,SMC2159
abemaciclib (Verzenios),1870.61,SMC2179
daratumumab (Darzalex),2379.49,SMC2191
dasatinib (Sprycel),1928.6,SMC2192
rituximab (MabThera),1598.41,SMC2193
chenodeoxycholic acid (Chenodeoxycholic acid Leadiant),2958.49,SMC2190
certolizumab pegol (Cimzia),3229.56,SMC2132
erenumab (Aimovig),3363.05,SMC2134
lenvatinib (Lenvima),1428.44,SMC2138
mepolizumab (Nucala),1536.37,SMC2139
dasatinib (Sprycel),3838.33,SMC2142
 blinatumomab (Blincyto),2415.05,SMC2148
rufinamide (Inovelon),3404.51,SMC2146
testosterone (Testavan),1529.88,SMC2152
letermovir (Prevymis),2974.41,1338/18
liposomal formulation of daunorubicin &amp; cytarabine (Vyxeos),1972.5,SMC2130
epoetin alfa (Eprex),2168.12,SMC2164
rituxumab (MabThera),2147.6,SMC2165
eslicarbazepine acetate (Zebinix),3370.69,SMC2087
tisagenlecleucel (Kymriah),1758.55,SMC2129
tofacitinib (Xeljanz),3567.15,SMC2122
romiplostim (Nplate),3017.56,SMC2126
rivaroxaban (Xarelto),2245.43,SMC2128
dabrafenib (Tafinlar),1968.49,SMC2131
cabozantinib (Cabometyx),3128.4,SMC2136
cabozantinib (Cabometyx),3833.62,SMC2160
dexmedetomidine (Dexdor),3864.73,SMC2161
doravirine (Pifeltro),1233.63,SMC2162
doravirine/lamivudine/tenofovir disoproxil (Delstrigo),1372.21,SMC2163
semaglutide (Ozempic),2304.94,SMC2092
ertugliflozin (Steglatro),3412.86,SMC2102
tofacitinib (Xeljanz),2323.16,SMC2116
pertuzumab (Perjeta),2042.44,SMC2120
tiotropium (Spiriva Respimat),1067.2,SMC2118
nivolumab (Opdivo),1399.04,SMC2112
ciclosporin (Verkazia),3749.46,SMC2111
brivaracetam (Briviact),2810.26,SMC2113
pertuzumab (Perjeta),1053.96,SMC2119
ocrelizumab (Ocrevus),2242.24,SMC2121
pembrolizumab (Keytruda),2110.26,SMC2143
atezolizumab (Tecentriq),3339.09,SMC2103
dinutuximab beta (Qarziba),1296.8,SMC2105
fosaprepitant (Ivemend),1251.37,SMC2108
evolocumab (Repatha),3777.8,SMC2133
hydrocortisone (Alkindi) ,1796.66,SMC2088
gemtuzumab ozogamicin (Mylotarg),1270.35,SMC2089
ixekizumab (Taltz),1635.68,SMC2097
ipilimumab (Yervoy),3616.04,SMC2094
anakinra (Kineret),1745.91,SMC2104
cenegermin (Oxervate),1322.68,SMC2124
lenalidomide (Revlimid),1638.24,SMC2125
sirolimus (Rapamune),1771.82,SMC2173
obinutuzumab (Gazyvaro),722.04,SMC2015
tocilizumab (RoActemra),2812.55,SMC2014
dupilumab (Dupixent),2844.12,SMC2011
pembrolizumab (Keytruda) ,1720.35,1339/18
dolutegravir rilpivirine (Juluca),2464.33,SMC2091
bictegravir-emtricitabine-tenofovir alafenamide (Biktarvy),1416.25,SMC2093
denosumab (Prolia),3885.98,SMC2117
sapropterin (Kuvan),3226.15,558/09
niraparib tosylate monohydrate (Zejula),2987.22,1341/18
glycerol phenylbutyrate (Ravicti),580.07,1342/18
conestat alfa (Ruconest),2988.23,745/11
alectinib hydrochloride (Alecensa),1563.29,SMC2012
bosutinib (Bosulif),754.01,SMC2109
denosumab (Xgeva),1422.36,SMC2110
raltegravir (Isentress),2540.13,SMC2101
progesterone (Lubion),2643.97,SMC2017
tivozanib (Fotivda),1646.99,1335/18
lutetium 177Lu oxodotreotide (Lutathera),1553.23,1337/18
atezolizumab (Tecentriq) for NSCLC,2924.41,1336/18
ixazomib (Ninlaro),3125.64,SMC2099
midostaurin (Rydapt),1863.86,SMC2100
fluticasone/formoterol (flutiform k-haler),3440.1,SMC2016
midostaurin (Rydapt) for AML,2071.24,1330/18
ledispavir / sofosbuvir (Harvoni),3923.21,1343/18
inotuzumab ozogamicin (Besponsa),1228.63,1328/18
guselkumab (Tremfya),2541.93,SMC No 1340/18
everolimus (Votubia),928.89,1331/18
crizotinib (Xalkori),1705.98,1329/18
telotristat (Xermelo),2250.83,1327/18
eslicarbazepine acetate (Zebinix),3530.42,SMC2090
nusinersen (Spinraza),1139.34,1318/18
selexipag (Uptravi),3486.22,1235/17
icatibant (Firazyr),2759.62,1332/18
brodalumab (Kyntheum),2573.11,1283/17
regorafenib (Stivarga),945.51,1316/18
avelumab (Bavencio),3988.93,1315/18
brentuximab vedotin (Adcetris) ,3959.34,SMC2085
naltrexone bupropion (Mysimba) ,3369.47,SMC2086
sofosbuvir / velpatasvir (Epclusa),2999.13,1271/17
ciprofloxacin hydrochloride (Cetraxal),882.32,1320/18
asparaginase (Spectrila),1808.83,1319/18
teduglutide (Revestive),810.06,1139/16
sofosbuvir/velpatasvir/voxilprevir (Vosevi),2204.61,1317/18
sarilumab (Kevzara),1704.72,1314/18
dimethyl fumarate (Skilarence),1314.16,1313/18
ceritinib (Zykadia),3946.58,1333/18
parathyroid hormone (Natpar),2361.32,1334/18
elvitegravir 150mg / cobicistat 150 mg / emtricitabine 200 mg / tenofovir alafenamide 10 mg (Genvoya),3313.97,1323/18
nilotinib (Tasigna),1530.52,1325/18
sofosbuvir 400mg film-coated tablets (Sovaldi),2420.9,1326/18
lacosamide (Vimpat),2420.01,1324/18
dexamethasone 40mg tablets (Neofordex),1581.79,1322/18
clostridium botulinum type A toxin-haemagglutinin complex 300 and 500 units (Dysport),1140.79,1321/18
ribociclib (Kisqali),1536.98,1295/18
pembrolizumab (Keytruda) ,3851.41,1296/18
atezolizumab (Tecentriq),1283.56,1297/18
daptomycin (Cubicin),1559.2,1309/18
elvitegravir/cobicistat/emtricitabine/tenofovir disoproxil (as fumarate) (Stribild),576.42,1310/18
peginterferon alfa-2a (Pegasys),3274.21,1312/18
tofacitinib (Xeljanz),2361.89,1298/18
sevelamer carbonate (Renvela),789.25,1304/18
pembrolizumab (Keytruda) ,3556.93,1291/18
pasireotide (as pamoate) (Signifor),1395.52,1311/18
lopinavir/ritonavir (Kaletra),3866.47,1302/18
levonorgestrel (Kyleena),3256.96,1299/18
lacosamide (Vimpat),1370.17,1301/18
fluticasone furoate / umeclidinium / vilanterol (Trelegy Ellipta),684.46,1303/18
cladribine (Mavenclad),3032.55,1300/18
5-aminolaevulinic acid (Ameluz),1798.69,1260/17
ceftazidime avibactam (Zavicefta),1872.84,1307/18
ceftaroline fosamil (Zinforo),3519.47,1306/18
nivolumab (Opdivo),3401.91,1285/18
metformin hydrochloride (Glucophage),1753.64,1308/18
eluxadoline (Truberzi),694.7,1292/18
darunavir/cobicistat/emtricitabine/tenofovir alafenamide fumarate (Symtuza),2855.01,1290/18
carbetocin (Pabal),3230.57,309/06
adalimumab (Humira),2616.9,1305/18
tiotropium (Spiriva Respimat),2108.46,411/07
reslizumab (Cinqaero),864.87,1233/17
palbociclib (Ibrance),3121.91,1276/17
fulvestrant (Faslodex),2746.02,1294/17
eliglustat (Cerdelga),3413.68,1277/17
bezlotoxumab (Zinplava),2285.52,1293/17
aviptadil/phentolamine mesilate (Invicorp),3753.27,1284/17
raltegravir (Isentress),1120.9,1280/17
olaratumab (Lartruvo),3498.08,1273/17
midazolam (Epistatus),1864.56,1279/17
ibrutinib (Imbruvica),2984.81,1289/17
glecaprevir/pibrentasvir (Maviret),2731.84,1278/17
everolimus (Certican),913.83,1288/17
abatacept (Orencia),774.52,1287/17
pegvisomant (Somavert),2134.79,158/05
olaratumab (Lartruvo),728.82,
sofosbuvir/velpatasvir (Epclusa),3465.61,1271/17
opicapone (Ongentys),1721.79,1281/17
maraviroc (Celsentri),3248.38,1282/17
daratumumab (Darzalex),911.64,1205/17
beclometasone dipropionate anhydrous/formoterol fumarate dihydrate/glycopyrronium bromide (Trimbow),3200.64,1274/17
stiripentol (Diacomit),1064.91,524/08
rolapitant (Varuby),2070.35,1266/17
roflumilast (Daxas),3387.28,635/10
nivolumab (Opdivo) ,2098.94,1261/17
magnesium glycerophosphate (Neomag),905.5,1267/17
etelcalcetide (Parsabiv),3129.8,1262/17
bevacizumab (Avastin),2990.16,1275/17
baricitinib (Olumiant),1632.29,1265/17
venetoclax (Venclyxto),3352.71,1249/17
sufentanil citrate (Zalviso),3060.81,1270/17
follitropin delta (Rekovelle),2536.12,1269/17
desmopressin (Noqdirna),3663.91,1218/17
carfilzomib (Kyprolis),1006.74,1242/17
canakinumab (Ilaris),2316.02,1268/17
emtricitabine/tenofovir disoproxil 200mg/245mg film-coated tablets (Truvada),728.5,1263/17
ustekinumab (Stelara),3173.33,1250/17
"trametinib 0.5mg, 2mg film-coated tablets (Mekinist)",3592.52,1264/17
saxagliptin/dapagliflozin fixed dose combination (Qtern),1877.98,1255/17
pembrolizumab (Keytruda),2648.92,1239/17
nivolumab (Opdivo) ,1305.9,1240/17
glycopyrronium bromide (Sialanar),3423.64,1254/17
dolutegravir (Tivicay),903.15,1253/17
ciprofloxacin 3mg/mL + dexamethasone 1mg/mL ear drops (Cilodex),749.04,1256/17
aprepitant (Emend),2348.67,1252/17
safinamide (Xadago),3811.42,1259/17
obeticholic acid (Ocaliva),1891.41,1232/17
nivolumab (Opdivo),1433.1,1188/16
ibrutinib (Imbruvica),1353.36,1258/17
deferasirox (Exjade),2002.99,1246/17
cabozantinib (Cabometyx),3301.81,1234/17
buprenorphine oral lyophilisate (Espranor),3826.41,1245/17
budesonide-formoterol (Symbicort SMART),2021.28,1244/17
aprepitant (Emend),3273.64,1241/17
adalimumab (Humira),3013.93,1243/17
talimogene laherparepvec (Imlygic),3613.7,1248/17
nepafenac (Nevenac),2399.34,1228/17
micronised progesterone (Utrogestan Vaginal),2315.69,935/13
idebenone (Raxone),1316.79,1226/17
alectinib hydrochloride (Alecensa),1874.93,1257/17
trastuzumab emtansine (Kadcyla),1364.57,990/14
ticagrelor (Brilique),3210.02,1224/17
tenofovir alafenamide (Vemlidy),2946.28,1238/17
ofatumumab (Arzerra),2017.47,1237/17
ixekizumab (Taltz),3193.5,1223/17
insulin aspart (Fiasp),3951.99,1227/17
ibrutinib (Imbruvica),2997.86,1151/16
emtricitabine/tenofovir disoproxil (Truvada),1014.21,1225/17
daclizumab (Zinbryta),2838.09,1216/17
obinutuzumab (Gazyvaro),3197.45,1219/17
liposomal irinotecan (Onivyde),2087.48,1217/17
lacosamide (Vimpat),1226.76,1231/17
abatacept (Orencia),1694.83,1230/17
vernakalant (Brinavess),961.02,1222/17
trifluridine/tipiracil (Lonsurf),1293.22,1221/17
pitolisant (Wakix),1154.56,1229/17
osimertinib (Tagrisso),3030.54,1214/17
iron (III) isomaltoside 1000 (Diafer),2503.39,1177/16
evolocumab (Repatha),3938.39,1148/16
everolimus (Afinitor),2138.58,1215/17
botulinum toxin A (Botox),3504.95,692/11
pembrolizumab (Keytruda),1142.33,1204/17
"oestrogens, conjugated, bazedoxifene acetate (Duavive)",2355.75,1220/17
eltrombopag (Revolade),2115.76,1206/17
elbasvir-grazoprevir (Zepatier),863.93,1203/17
deferasirox (Exjade),2900.55,347/07
dalbavancin (Xydalba),808.27,1105/15
buprenorphine transdermal patch (Butec),1957.14,1213/17
idelalisib (Zydelig),3828.82,1212/16
pembrolizumab (Keytruda),3721.23,1087/15
ivacaftor (Kalydeco),2665.38,1193/16
hydrocortisone (Plenadren),3079.95,848/12
fentanyl (Ionsys),2021.46,1207/16
cefuroxime (Aprokam),2719.25,932/13
cabazitaxel (Jevtana),2939.03,735/11
sofosbuvir/velpatasvir (Epclusa),1573,1195/16
pegaspargase (Oncaspar),3761.77,1197/16
olaparib (Lynparza),1152.55,1047/15
nivolumab (Opdivo),2421.82,1187/16
migalastat (Galafold),1412.19,1196/16
lenalidomide (Revlimid),1918.28,1211/16
dequalinium (Fluomizin),3649.54,1194/16
canakinumab (Ilaris),1735.88,1210/16
adalimumab (Humira),1565.69,1208/16
adalimumab (Humira),1183.36,1209/16
tocilizumab (RoActemra®),1856.72,1201/16
rilpivirine/emtricitabine/tenofovir alafenamide (Odefsey),3871.36,1189/16
progesterone (Lutigest),3440.18,1185/16
perampanel (Fycompa®),2914.56,1200/16
nivolumab (Opdivo) ,3244.61,1180/16
lenvatinib (Lenvima),3935.57,1179/16
budesonide-formoterol (Symbicort),1094.39,1198/16
budesonide (Cortiment),3308.75,1093/15
aflibercept (Eylea),3439.66,1186/16
trametinib (Mekinist),1496.47,1161/16
paliperidone (palmitate 3-monthly) (Trevicta),3818.47,1181/16
liraglutide (Victoza),1474.67,1192/16
idarucizumab (Praxbind),2736.35,1178/16
fosfomycin trometamol granules for oral solution (equivalent to 3g fosfomycin) (Monuril),3466.32,1163/16
dasatinib (Sprycel) ,3577.31,370/07
dasatinib (Sprycel),3435.53,1170/16
cobimetinib (Cotellic),3653.07,1191/16
calcipotriol + betamethasone (Enstilar),771.05,1182/16
bevacizumab (Avastin),2658.44,1190/16
ibrutinib (Imbruvica) CLL,3780.43,1151/16
secukinumab (Cosentyx),3136.07,1167/16
rilpivirine hydrochloride (Edurant),1773.67,1168/16
nivolumab (Opdivo),2428.57,1120/16
necitumumab (Portrazza),1117.88,1184/16
levofloxacin (Quinsair),2244.4,1162/16
insulin degludec (Tresiba),1474.95,856/13
ibrutinib (Imbruvica) MCL,2831.59,1150/16
human alpha-1 proteinase inhibitor (Respreeza),2377.71,1157/16
emtricitabine/tenofovir alafenamide (Descovy),930.78,1169/16
elotuzumab (Empliciti),2074.19,1183/16
diamorphine hydrochloride (Ayendi),2374.64,1172/16
alirocumab (Praluent),3367.33,1147/16
vortioxetine (Brintellix),3130.85,1158/16
secukinumab (Cosentyx),2366.61,1159/16
ramucirumab (Cyramza),977.4,1176/16
nivolumab (Opdivo),700.62,1144/16
crizotinib (Xalkori),3719.7,1152/16
brivaracetam (Briviact),3375.77,1160/16
azacitidine (Vidaza),923.25,1175/16
afatinib (Giotrif),3708.98,1174/16
adalimumab (Humira),1075.6,1173/16
ramucirumab (Cyramza),3663.83,1165/16
naproxen (Stirlescent),3329.94,1154/16
mepolizumab (Nucala),3305.32,1149/16
febuxostat (Adenuric),2878.44,1153/16
eltrombopag olamine (Revolade),3721.87,1164/16
co-careldopa-levodopa (Duodopa),1888.76,316/06
blinatumomab (Blincyto),1086.52,1145/16
ramucirumab (Cyramza),1830.91,1156/16
lumacaftor-ivacaftor (Orkambi),2775.71,1136/16
ivacaftor (Kalydeco),3221.5,1134/16
elvitegravir/cobicistat/emtricitabine/tenofovir alafenamide fumarate (Genvoya),1146.33,1142/16
certolizumab pegol (Cimzia),3798.5,1155/16
ceftolozane-tazobactam (Zerbaxa),956.15,1146/16
bevacizumab (Avastin),1224.56,1135/16
adalimumab (Humira),3807.44,1143/16
isavuconazole (Cresemba),2642.4,1129/16
everolimus (Afinitor),843.73,872/13
eculizumab (Soliris) for PNH,3345.28,1130/16
alendronic acid (Binosto),2835.03,1137/16
camellia sinensis (green tea leaf) (Catephen),2497.43,1133/16
daptomycin (Cubicin),1468.09,1141/16
sacubitril/valsartan (Entresto),1185.76,1132/16
oseltamivir (Tamiflu),2053.49,1127/16
insulin detemir (Levemir),1941.18,1126/16
enzalutamide (Xtandi),2428.24,1066/15
capsaicin (Qutenza),912.13,1140/16
eribulin (Halaven),1277.12,1065/15
pixantrone (Pixuvri),3233.57,1138/16
guanfacine hydrochloride (Intuniv),1466.12,1123/16
ulipristal acetate (Esmya),2353.7,1128/16
panobinostat (Farydak),2154.14,1122/16
golimumab (Simponi),614,1124/16
fulvestrant (Faslodex),2902.39,114/04
eculizumab (Soliris) aHUS,1761.32,767/12
ustekinumab (Stelara),1319.88,1115/15
tolvaptan (Jinarc),3584.41,1114/15
sorafenib (Nexavar),1078.94,482/08
netupitant palonostron (Akynzeo),3104.47,1109/15
dulaglutide (Trulicity),832.82,1110/15
albiglutide (Eperzan),2176.28,1024/15
naloxegol (Moventig),854.69,1106/15
lenalidomide (Revlimid),2302.19,1096/15
ivermectin (Soolantra),1783.1,1104/15
glatiramer acetate (Copaxone),1069.48,1108/15
gefitinib (Iressa),1683.42,615/10
efavirenz (Sustiva),896.3,1125/15
denosumab (Xgeva),3592.86,1119/15
ceritinib (Zykadia),1263.31,1097/15
atomoxetine (Strattera),2146.4,1107/15
anakinra (Kineret),1453.78,1116/15
triamcinolone hexacetonide,1859.76,1103/15
tiotropium/olodaterol (Spiolto Respimat),557.96,1099/15
regorafenib (Stivarga),1649.82,1118/15
raltegravir (Isentress),3350.5,1113/15
raltegravir (Isentress),564.59,1102/15
pembrolizumab (Keytruda),674.28,1086/15
everolimus (Certican),1529.85,1117/15
edoxaban (Lixiana),652.61,1090/15
edoxaban (Lixiana),1338.65,1095/15
bevacizumab (Avastin),3676.65,806/12
atazanavir &amp; cobicistat (Evotaz),3335.54,1098/15
travoprost (Travatan),2078.01,1091/15
trastuzumab (Herceptin),2533.68,623/10
radium 223 (Xofigo),3915.74,1077/15
nintedanib (Ofev),1961.73,1076/15
midodrine hydrochloride (Bramox),3061.81,1094/15
insulin degludec/liraglutide (Xultophy),3682.48,1088/15
empagliflozin/metformin (Synjardy),2401.39,1092/15
ciclosporin (Ikervis),1838.1,1089/15
abiraterone (Zytiga),2377.34,873/13
tigecycline (Tygacil),2801.36,1101/15
tafluprost + timolol (Taptiqom),3030.97,1085/15
sitagliptin (Januvia),3796.37,1083/15
pasireotide (as pamoate) (Signifor),2877.7,1048/15
lisdexamfetamine dimesylate (Elvanse Adult),3618.98,1079/15
ledipasvir/sofosbuvir (Harvoni),2546.25,1084/15
ketoconazole (Ketoconazole HRA),3093.23,1100/15
insulin glargine (Toujeo),1992.64,1078/15
elosulfase alfa (Vimizim),2411.9,1072/15
bortezomib (Velcade),3723.98,1075/15
bevacizumab (Avastin),1999.26,1063/15
avanafil (Spedra),3578.13,980/14
aflibercept (Eylea),1415.63,1074/15
"tiotropium, 2.5 microgram, solution for inhalation (Spiriva® Respimat®)",1157.78,1028/15
tedizolid phosphate (Sivextro),3720.59,1080/15
palonosetron (Aloxi),2530.64,1073/15
darunavir cobicistat (Rezolsta),1051.34,1081/15
vinflunine (Javlor),3111.83,686/11
vedolizumab (Entyvio),1118.64,1064/15
tinzaparin sodium (Innohep),1555.61,1061/15
sorafenib (Nexavar),3656.08,1055/15
rivaroxaban (Xarelto),2635.39,1062/15
riociguat (Adempas),3231.26,1056/15
posaconazole (Noxafil),3789.24,1067/15
panitumumab (Vectibix),1222.16,1082/15
darunavir (Prezista),567.6,1069/15
ceftobiprole medocaril (Zevtera),3528.05,943/14
adalimumab (Humira),3760.8,1068/15
ombitasvir / paritaprevir ritonavir (Viekirax) and dasabuvir (Exviera),1062.31,1051/15
secukinumab (Cosentyx),2521.58,1054/15
paclitaxel albumin (Abraxane),3448.97,1071/15
magnesium aspartate dehydrate (Magnaspartate),1413.39,1042/15
linagliptin + metformin (Jentadueto),3456.96,1057/15
levonorgestrel (Levosert),3416.72,1058/15
cangrelor (Kengrexal),2874.63,1070/15
apremilast (Otezla) plaque psoriasis,722.35,1052/15
apremilast (Otezla) psoriatic arthritis,3823.32,1053/15
insulin degludec (Tresiba),2453.72,1060/15
vedolizumab (Entyvio),2094.68,1045/15
ofatumumab (Arzerra),2942.81,1037/15
liraglutide (Victoza),3252.81,1044/15
linagliptin (Trajenta),2381.64,850/13
idelalisib (Zydelig),1137.42,1039/15
entecavir (Baraclude),1498.05,1049/15
dexamethasone (Ozurdex),3283.89,1046/15
collagenase clostridum histolyticum (Xiapex),3327.73,1059/15
budesonide 3mg gastro-resistant capsules (Budenofalk),1732.15,1043/15
adalimumab (Humira),1012.3,1050/15
tacrolimus (Envarsus),663.94,1041/15
sucroferric oxyhydroxide (Velphoro),1553.04,1035/15
regorafenib (Stivarga),571.62,1031/15
ponatinib (Iclusig),588.37,1032/15
nintedanib (Vargatef),2000.26,1027/15
levonorgestrel (Jaydess),1327.57,1036/15
fingolimod (Gilenya),2098.18,1038/15
aclidinium/formoterol fumarate dihydrate (Duaklir Genuair),732.53,1034/15
infliximab (Remsima),3379.33,1006/14
infliximab (Inflectra),1688.76,1007/14
fosfomycin (Fomicyt),965.72,1033/15
ruxolitinib (Jakavi),602.46,867/13
ledipasvir-sofosbuvir (Harvoni),976.83,1030/15
idelalisib (Zydelig),2052.25,1026/15
dabrafenib (Tafinlar),1719.46,1023/15
cabozantinib (Cometriq),3884.91,1022/15
apixaban (Eliquis),3491.3,1029/15
umeclidinium / vilanterol (Anoro),1431.18,978/14
paclitaxel albumin (Abraxane),3495.56,968/14
follitropin alfa (Bemfola),1437.46,1025/15
colestilan (BindRen),502.06,939/14
bosutinib (Bosulif),3348.33,910/13
peginterferon beta 1a (Plegridy),3099.92,1018/14
omalizumab (Xolair),3127.44,1017/14
olodaterol respimat (Striverdi Respimat),3049.16,974/14
cetuximab (Erbitux),2137.77,1012/14
canagliflozin plus metformin (Vokanamet),2004.47,1019/14
brimonidine (Mirvaso),2318.29,1016/14
aztreonam lysine (Cayston),3638.97,753/12
umeclidinium (Incruse),3722.49,1004/14
tocilizumab (RoActemra®),719.53,1020/14
riociguat (Adempas),3939.47,1001/14
pomalidomide (Imnovid),2541.26,972/14
pemetrexed (Alimta),2645.36,770/12
obinutuzumab (Gazyvaro),1340.44,1008/14
"indacaterol maleate, glycopyrronium bromide (Ultibro Breezhaler)",3447.82,922/13
"dolutegravir, abacavir, lamivudine (Triumeq)",560.28,1009/14
clindamycin 1% / tretinoin 0.025% gel (Treclin®),3066.11,1010/14
"cholecalciferol 25,000 international units oral solution (InVita D3)",3838.29,1011/14
voriconazole (Vfend),1058.42,1014/14
telavancin hydrochloride (Vibativ),2555.72,1015/14
saxagliptin (Onglyza),2146.64,772/12
mifepristone (Medabon),1175.51,913/13
ipilimumab (Yervoy),1054.54,997/14
everolimus (Afintor),2892.32,595/10
denosumab (Prolia),2719.52,1013/14
daclatasvir (Daklinza),3281.75,1002/14
brinzolamide and brimonidine (Simbrinza),3277.77,991/14
aflibercept (Eylea),2800.71,1003/14
misoprostol (Mysodelle),2108.54,996/14
tetracaine idocaine (Pliaglis),2191.13,1000/14
simeprevir (Olysio),3187.27,988/14
posaconazole (Noxafil),1765.37,999/14
lurasidone (Latuda),1490.86,994/14
golimumab (Simponi),3238.84,946/13
fingolimod (Gilenya),2700.93,992/14
empagliflozin (Jardiance),2403.46,993/14
dabigatran etexilate (Pradaxa),627.61,995/14
capsaicin (Qutenza),2906.06,673/11
brentuximab vedotin (Adcetris),3871.69,845/12
azelastine hydrochloride + fluticasone propionate (Dymista),2154.15,921/13
alogliptin (Vipidia),2282.57,937/14
alogliptin plus metformin (Vipdomet),3933.57,998/14
tocilizumab (RoActemra®),1860.69,982/14
racecadotril (Hidrasec),1504.1,818/12
ocriplasmin (Jetrea),1619.35,892/13
"lubiprostone, 24 micrograms soft capsules (Amitiza®)",536.85,977/14
dapagliflozin + metformin (Xigduo),663.52,983/14
rituximab subcutaneous (Mabthera),861.41,975/14
dapoxetine (Priligy),1790.22,987/14
dapagliflozin (Forxiga),3075.52,799/12
certolizumab pegol (Cimzia),1758.87,973/14
botulinum toxin type A (Botox),3526.81,986/14
botulinum toxin type A (Botox),1289.76,931/13
beclometasone dipropionate / formoterol fumarate dihydrate (Fostair),3057.62,976/14
alemtuzumab (Lemtrada),1103.92,959/14
sofosbuvir 400mg tablet (Sovaldi®),1605.81,964/14
natalizumab (Tysabri®),2813.34,979/14
fluticasone furoate / vilanterol (Relvar Ellipta®),2403.53,966/14
defibrotide (Defitelio®),2842.19,967/14
canagliflozin (Invokana®),3653.19,963/14
budesonide gastro-resistant granules (Budenofalk®),2775.84,970/14
infliximab (Remicade),1172.25,374/07
dolutegravir (Tivicay),3104.97,961/14
cobicistat (Tybost),1365.13,933/13
certolizumab pegol (Cimzia),3336.57,960/14
aripiprazole (Abilify),1906.62,962/14
"rilpivirine 25mg, emtricitabine 200mg, tenofovir disoproxil (as fumarate) 245mg tablet (Eviplera®)",2061.91,951/14
macitentan (Opsumit),1325.04,952/14
"lipegfilgrastim, 6mg, solution for injection (Lonquex®)",3316.46,908/13
lenalidomide (Revlimid),1051.29,441/08
fluticasone furoate/vilanterol (Relvar Ellipta),516.02,953/14
dimethyl fumarate (Tecfidera),1156.94,886/13
azithromycin (Zedbac),3122.22,950/14
aflibercept intravitreal (Eylea®),2378.77,954/14
adapalene 0.1%/benzoyl peroxide 2.5% gel (Epiduo®),3835.28,682/11
Archived: dapagliflozin (Forxiga),2085.44,799/12
zonisamide (Zonegran),1898.7,949/14
ustekinumab (Stelara),1439.53,944/14
teriflunomide (Aubagio),1932.38,940/14
solifenacin and tamsulosin (Vesomni),2819.59,945/14
saxagliptin (Onglyza),3641.37,958/14
lenalidomide (Revlimid),2694.57,942/14
darunavir (Prezista),2200.59,948/14
aflibercept (Zaltrap),1998.16,878/13
afatinib (Giotrif),2633,920/13
timolol eye gel (Tiopex),1335.41,941/14
lomitapide (Lojuxta),3784.87,956/14
levonorgestrel (Upostelle),1937.21,938/14
fluocinolone acetonide (Iluvien),2913.51,864/13
trastuzumab (Herceptin),1377.02,928/13
tocilizumab (RoActerma),3212,930/13
saxagliptin metformin (Kombogylze),2122.7,929/13
fentanyl citrate (Breakyl),2627.43,947/13
bortezomib (Velcade),2732.63,927/13
vildagliptin (Galvus),1263.71,875/13
vemurafenib (Zelboraf),2379.7,792/12
saxagliptin (Onglyza),560.65,918/13
mannitol (Bronchitol),2210.4,837/13
imiquimod (Zyclara),3153.19,934/13
eltrombopag (Revolade),3475.9,919/13
sodium phenylbutyrate (Pheburane),1471.2,914/13
ranibizumab (Lucentis),2736.13,907/13
ondansetron (Setofilm),3301.96,912/13
lapatinib (Tyverb),2547.11,925/13
enzalutamide (Xtandi),546.55,911/13
canakinumab (llaris),1822.51,926/13
axitinib (Inlyta),1859.55,855/13
atomoxetine (Strattera),2210.67,909/13
vismodegib (Erivedge),1189.69,924/13
nalmefene (Selincro),2917.15,917/13
imatinib (Glivec),3391.16,923/13
granisetron (Sancuso),1410.55,895/13
crizotinib (Xalkori),2627.01,865/13
carglumic acid (Carbaglu),1135.97,899/13
botulinum toxin type a (Botox),550.84,916/13
bimatoprost + timolol (Ganfort Unit Dose Preservative Free),581.59,906/13
tenofovir disoproxil (Viread),1321.42,900/13
tenofovir disoproxil (Viread),646.3,905/13
tenofovir disoproxil (Viread),2615.13,904/13
rituximab (Mabthera),1211.72,894/13
rifaximin (Targaxan),2069.68,893/13
raltegravir (Isentress),1338.5,902/13
medroxyprogesterone acetate (Sayana Press),1126.22,896/13
lixisenatide (Lyxumia),2665.66,903/13
etravirine (Intelence),2605.37,901/13
caffeine Citrate 20mg/ml solution for infusion and oral solution (Peyona),909.71,814/12
aripiprazole (Abilify),3003.1,891/13
abatacept 125mg/mL solution for subcutaneous injection in a pre-filled syringe (Orencia®),2963.12,888/13
calcium polystyrene sulphonate (Sorbisterit),1893.11,890/13
ursodeoxycholic acid 500mg film-coated tablets (Ursofalk®),1278.36,889/13
pirfenidone (Esbriet®),1869.74,835/13
"elvitegravir 150mg, cobicistat 150mg, emtricitabine 200mg, tenofovir disoproxil (as fumarate) 245mg film coated tablet (Stribild®)",1685.05,887/13
"argatroban, 100mg/ml, concentrate for solution for infusion (Exembol®)",2273.24,812/12
nomegestrol acetate / estradiol (Zoely),3219.86,898/13
latanoprost (Monopost),3940.67,879/13
adalimumab (Humira),3122.95,880/13
adalimumab (Humira),1254,881/13
saxagliptin + metformin (Komboglyze),2480.14,870/13
pegylated interferon alfa-2a (Pegasys),1104.94,871/13
linaclotide (Constella),541.99,869/13
ivacaftor (Kalydeco),2052.05,827/12
everolimus (Votubia),2412.17,884/13
canakinumab (Ilaris) Arthritis,1487.42,883/13
canakinumab (Ilaris),3659.51,882/13
vildagliptin / metformin hydrochloride (Eucreas®),1036.95,874/13
tafamidis meglumine (Vyndaqel),1938.61,877/13
"rifampicin, isoniazid, pyrazinamide, ethambutol hydrochloride (Voractiv)",1154.37,876/13
ranibizumab (Lucentis),2124.65,732/11
mirabegron (Betmiga),1094.14,862/13
lisdexamfetamine dimesylate (Elvanse),560.59,863/13
abatacept (Orencia),2971.74,719/11
timothy grass pollen allergen (GRAZAX),2250.78,868/13
ipilimumab (Yervoy),2287.4,779/12
insulin glargine (Lantus),3495.27,860/13
deferasirox (Exjade),3795.26,866/13
darunavir (Prezista),512.11,861/13
aflibercept (Eylea),664.66,857/13
adalimumab (Humira),1120.83,858/13
ingenol mebutate gel (Picato),3096.33,851/13
sugammadex (Bridion),3919.91,527/09
rivaroxaban (Xarelto),3122.21,852/13
infliximab (Remicade),3218.72,854/13
bimatoprost 0.3mg/mL single-dose eye drops (Lumigan UD),3312.68,839/13
bevacizumab (Avastin),627.99,853/13
ulipristal acetate (Esmya),1236.23,834/13
Archived: linagliptin (Trajenta),3139.73,850/13
palonosetron (Aloxi),2951.17,838/13
linagliptin+metformin (Jentadueto),1649.34,841/13
ferumoxytol (Rienso),912,833/13
etanercept (Enbrel),2247.66,842/13
colecalciferol (Desunin),895.43,840/13
apixaban (Eliquis),1450.48,836/13
Archived: dapagliflozin (Forxiga),1717.63,799/12
vildagliptin (Galvus),3277.2,826/12
tadalafil (Cialis),3118.04,849/12
glycopyrronium (Seebri Breezhaler),1838.03,829/12
etoricoxib (Arcoxia),3119.91,847/12
decitabine (Dacogen),2447.13,846/12
clostridium botulinum toxin A (Dysport),2436.96,353/07
ceftaroline fosamil (Zinforo),3030.2,830/12
budesonide 9mg gastro-resistant granules (Budenofalk) Abbreviated,3000.97,831/12
budesonide 3mg gastro-resistant capsule (Budenofalk),3187.71,828/12
sildenafil (Revatio),2597.48,809/12
ranibizumab (Lucentis),3630.11,711/11
racecadotril (Hidrasec),1379.23,832/12
perampanel (Fycompa),3882.18,819/12
pazopanib (Votrient),2600.53,820/12
olmesartan medoxomil / amlodipine besilate / hydrochlorothiazide (Sevikar HCT),1596.23,823/12
lanthanum carbonate (Fosrenol),3168.77,821/12
bortezomib (Velcade),3116.06,822/12
5-aminolaevulinic acid (Ameluz),1817.79,811/12
ranolazine (Ranexa),3064.54,565/09
nepafenac (Nevanac),1514.88,813/12
interferon beta-1a (Rebif),931.87,825/12
adalimumab (Humira),1077.41,824/12
aclidinium bromide (Eklira Genuair),1970.25,810/12
zonisamide (Zonegran),2470.92,817/12
velaglucerase (Vpriv),752.68,681/11
tocofersolan (Vedrop),1383.72,696/11
strontium ranelate (Protelos),2454.04,816/12
pasireotide (Signifor),1844.62,815/12
ivabradine (Procoralan),674.91,805/12
fluticasone/formoterol (Flutiform),2639.92,736/11
tocilizumab (RoActemra),1460.45,774/12
tegafur/gimeracil/oteracil (Teysuno),800.74,802/12
fingolimod (Gilenya),2186.19,763/12
colecalciferol (Fultium-D3),867.82,801/12
rifaximin (Xifaxanta),3297.51,808/12
mercaptopurine (Xaluprine),2149.68,798/12
amifampridine (Firdapse),2294.28,660/10
abiraterone (Zytiga),749.37,764/12
thiotepa (Tepadina),1767.17,790/12
tadalafil (Adcirca),2430.17,710/11
rufinamide (Inovelon),2527.1,795/12
pegylated interferon alfa-2b (Viraferon Peg),1271.88,794/12
golimumab (Simponi),2760.52,674/11
fidaxomicin (Dificlir),2881.03,791/12
eplerenone (Inspra),2717.72,793/12
azithromycin dihydrate (Azyter),3853.18,804/12
azilsartan medoxomil (Edarbi),1104.02,803/12
adalimumab (Humira),2625.6,800/12
vandetanib (Caprelsa),1696.24,797/12
triptorelin pamoate (Salvacyl),3623.75,796/12
tobramycin inhalation powder 28mg (TOBI Podhaler),2408.71,783/12
pregabalin oral solution (Lyrica),2690.69,765/12
exenatide (Byetta),687.25,785/12
dexamethasone (Ozurdex),3301.48,652/10
dexmedetomidine hydrochloride (Dexdor),3589.61,784/12
belatacept (Nulojix),2686.6,786/12
alteplase (Actilyse),2812.8,714/11
insulin detemir (Levemir),1110.37,780/12
everolimus (Afinitor),3344.8,777/12
etanercept (Enbrel),3397.24,782/12
etanercept (Enbrel),3214.79,781/12
collagenase (Xiapex),1757.27,715/11
bevacizumab (Avastin),2073.93,778/12
everolimus (Votubia),3262.49,787/12
catumaxomab (Removab),1811.22,788/12
icatibant (Firazyr),3564.65,476/08
bupivacaine / fentanyl (Bufyl infusion),1954.45,761/12
atorvastatin (Lipitor),3887.7,766/12
asenapine (Sycrest),504.24,762/12
tocilizumab (RoActemra),3212.1,754/12
tapentadol film-coated tablets (Palexia),3722.32,773/12
rivaroxaban (Xarelto) DVT,1951.67,755/12
rivaroxaban (Xarelto) atrial,1307.04,756/12
rilpivirine (Edurant),1280.53,758/12
prednisone MR (Lodotra),2261.31,771/12
panitumumab (Vectibix),3096.32,769/12
nevirapine (Viramune),3813.39,760/12
midazolam (Buccolam oromucosal solution),3292.76,757/12
lapatinib (Tyverb),1490.4,768/12
emtricitabine / tenofovir / rilpiverine (Eviplera),873.09,759/12
linagliptin (Trajenta),988.16,746/11
fentanyl (Instanyl),1938.28,750/11
exenatide (Bydureon),2685.75,748/11
erlotinib (Tarceva),927.49,749/11
entecavir (Baraclude),3841.73,747/11
dexamethasone (Ozurdex),3970.36,751/11
telaprevir (Incivo) Naive,1285.79,743/11
telaprevir (Incivo) Exp,1791.69,742/11
denosumab (Xgeva),2762.41,752 /11
apixaban (Eliquis),3910.24,741/11
Archived: ranibizumab (Lucentis),3118.57,732/11
somatropin (Saizen),3288.54,737/11
paliperidone palmitate (Xeplion),1919.87,713/11
naproxen + esomeprazole (Vimovo),3631.42,734/11
golimumab (Simponi),1310.45,733/11
aprepitant (Emend),1454.61,242/06
adalimumab (Humira),2404.1,738/11
abatacept (Orencia),1104.37,618/10
vardenafil (Levitra),3858.84,727/11
rosuvastatin (Crestor),2095.45,725/11
quetiapine (Seroquel XL),1114.74,744/11
olmesartan medoxomil hydrochlorothiazide (Sevikar HCT),3308.28,706/11
infliximab (Remicade),1736.71,739/11
fluorouracil + salicylic acid (Actikerall),2531.97,728/11
eribulin mesylate (Halaven),761.83,726/11
conestat (Ruconest),1993.85,745/11
bromfenac (Yellox),1638.58,740/11
botulinum toxin type A (Xeomin®),1431.7,731/11
boceprevir (Victrelis) Naive Patients,1773.08,723/11
boceprevir (Victrelis) Experienced Patients,2196.3,722/11
adrenaline tartrate 150/300 micrograms solution for injection in pre-filled pen (Jext),3353.37,687/11
tenofovir disoproxil (Viread),2677.45,720/11
golimumab (Simponi) (AS),2647.27,721/11
dabigatran (Pradaxa),3130.36,672/11
azacitidine (Vidaza),1193.39,589/09
nilotinib (Tasigna),2251.96,709/11
mifamurtide (Mepact),1701.38,621/10
methotrexate 50mg/ml solution for injection (Metoject®),3778.01,724/11
glucosamine sulphate (Dolenio®),1072.83,729/11
glucosamine sulphate (Glusartel),2980.06,647/10
darunavir (Prezista),3485.34,707/11
capecitabine (Xeloda),2074.31,716/11
calcium carbonate + cholecalciferol (Kalcipos-D®),3109.4,718/11
bilastine (Ilaxten®),1319.38,730/11
alteplase (Actilyse Cathflo 2mg),2641.83,717/11
retigabine (Trobalt),1228.2,712/11
prucalopride (Resolor),3411.12,653/10
triptorelin pamoate (Decapeptyl SR 22.5mg),714.35,705/11
tapentadol prolonged-release tablets (Palexia SR),588.57,654/10
"omalizumab 75mg, 150mg solution for injection (Xolair)",2572.81,708/11
filgrastim (Zarzio),907.23,704/11
ferric carboxymaltose (Ferinject),983.02,463/08
ticagrelor (Brilique),1728.16,699/11
sunitinib (Sutent),1457.6,698/11
quetiapine prolonged release and quetiapine immediate release (Seroquel XL and Seroquel IR),1558.8,549/09
iron isomaltoside 100mg/ml (Monofer),2988.57,697/11
sevelamer carbonate (Renvela),1874.94,641/10
paliperidone (INVEGA),1588.07,702/11
ethinylestradiol with drosperinone (Yasmin),2526.42,23/03
bendamustine (Levact),1141.98,701/11
bendamustine (Levact),2615.84,700/11
calcium acetate and magnesium carbonate (Osvaren),3514.49,693/11
bendamustine hydrochloride (Levact),1332.75,694/11
sildenafil (Revatio) IV,3952.46,688/11
pazopanib (Votrient),2800.88,676/11
fosaprepitant (Ivemend),2960.18,678/11
exenatide (Byetta),2942.61,684/11
dalteparin (Fragmin),3875.26,683/11
clostridium botulinum type A neurotoxin (Botox),1393.39,80/03
botulinum toxin type a (Bocouture),1402.95,695/11
rituximab (Mabthera),2612.3,675/11
miconazole (Loramyc),1906.14,517/08
ivabradine (Procoralan),2980.32,689/11
filgrastim (Nivestim),3913.76,671/11
fenticonazole (Ginoxin),580.52,691/11
colesevelam (Cholestagel),940.36,690/11
valganciclovir (Valcyte),2963.44,662/10
valsartan (Diovan),3134.03,649/10
prilocaine hydrochloride hyperbaric solution (Prilotekal),1143.99,665/10
levetiracetam (Keppra),1934.2,661/10
histamine dihydrochloride (Ceplene),740.93,666/10
fentanyl pectin nasal spray (PecFent),1161.46,663/10
erlotinib (Tarceva),1908.75,664/10
degarelix (Firmagon),2192.94,560/09
botulinum toxin Type A (Azzalure),3271.07,679/11
botulinum toxin (Vistabel),2741.05,680/11
tacrolimus granules for suspension (Modigraf),3571.73,657/10
moxifloxacin (Avelox IV),3519.51,650/10
fondaparinux sodium (Arixtra),663.91,668/10
etonogestrel (Nexplanon),1773.42,655/10
diclofenac (Mobigel Spray),2838.9,667/10
denosumab (Prolia),3901.62,670/10
denosumab (Prolia),1722.07,651/10
atazanavir (Reytaz),2484.96,656/10
oxycodone (Oxynorm),1642.97,648/10
eslicarbazepine (Zebinix) Resubmission,2920.94,592/09
docetaxel (Taxotere),3469.49,659/10
canakinumab (Ilaris),1188.49,658/10
pemetrexed (Alimta),2186.19,642/10
lanthanum carbonate (Fosrenol),1534.4,640/10
ethinylestradiol 30mcg and levonorgestrel 150mcg (Rigevidon),2969.47,646/10
ethinylestradiol and levonorgestrel (TriRegol),1182.19,645/10
ethinylestradiol and desogestrel (Gedarel),1630.47,643/10
ethinylestradiol and gestodene (Millinette),690.15,644/10
certolizumab pegol (Cimzia),2119.19,590/09
trabectedin (Yondelis),3534.7,634/10
imatinib (Glivec),2162.04,584/09
febuxostat (Adenuric),2274.48,637/10
esomeprazole oral suspension (Nexium) Abbreviated,2654.09,639/10
dronedarone (Multaq),528.3,636/10
bivalirudin (Angiox),1322.93,638/10
agomelatine (Valdoxan) Resubmission,3926.81,564/09
sitagliptin plus metformin (Janumet 50/1000),3389.57,627/10
olanzapine long acting injection (ZypAdhera),3940.55,624/10
ofatumumab (Arzerra),1602.79,626/10
indacaterol (Onbrez Breezhaler),2921.55,619/10
filgrastim (TevaGrastim),2992.46,629/10
eltrombopag (Revolade),2013.78,625/10
dutasteride plus tamsulosin (Combodart),1448,628/10
betaine anhydrous (Cystadane),834.45,407/07
betamethasone valerate 2.25mg medicated plaster (Betesil),1087.79,622/10
"aripiprazole tablets, orodisperible tablets and oral solution (Abilify)",3064.31,630/10
sitagliptin (Januvia) monotherapy,3623.5,607/10
miglustat (Zavesca),561.51,632/10
lapatinib (Tyverb),589.25,526/09
ketoprofen / omeprazole (Axorid),832.35,606/10
epoetin theta (Eporatio),761.22,620/10
corifollitropin alfa (Elonva),2867.87,633/10
certolizumab pegol (Cimzia),2354.26,590/09
sitagliptin/metformin (Janumet),1187.03,492/08
raltegravir (Isentress),3202.11,613/10
nicotinic acid/laropiprant (Tredaptive),1388.88,614/10
lenalidomide (Revlimid),3430.34,441/08
gefitinib (Iressa),2179.57,615/10
telmisartan (Micardis),1468.13,631/10
temsirolimus (Torisel),1673.27,617/10
tacrolimus (Protopic) 0.1% ointment,2065,609/10
paclitaxel (Abraxane),1446.53,556/09
metformin hydrochloride (Glucophage) 500mg/1000mg Powder for Solution,2846.96,610/10
saxagliptin (Onglyza),3581.97,603/10
rupatadine (Rupafin),3423.63,612/10
ketoprofen / omeprazole (Axorid),2062.95,606/10
extended release morphine sulphate for epidural injection (Depodur),1784.02,528/09
tacrolimus (Protopic),2011.28,608/10
omalizumab (Xolair),3762.43,611/10
ustekinumab (Stelara),3716.51,572/09
ulipristal (EllaOne),1796.22,599/10
trospium chloride 20 mg film-coated tablets (Flotros),2695.11,600/10
tipranavir (Aptivus) 100mg/ml oral solution,1385.13,602/10
tipranavir (Aptivus) 250mg soft capsule,2749.91,616/10
somatropin (Omnitrope),963.7,598/10
sildenafil (Revatio),2952.86,596/10
pemetrexed (Alimta),1516.04,531/09
epoetin alfa (Binocrit),2645.43,597/10
darunavir (Prezista),3767.56,604/10
cetuximab (Erbitux),2556.06,543/09
calcium acetate (Phoslo),3505.81,601/10
aliskiren (Rasilez),2719.15,462/08
tolvaptan (Samsca),3094.84,605/10
tocilizumab (RoActemra),2572.6,593/09
rituximab (MabThera),2769.76,591/09
plerixafor (Mozobil),2497.02,594/09
eslicarbazepine acetate (Zebinix),3518.49,592/09
valganciclovir (Valcyte),962.48,587/09
valganciclovir (Valcyte),2261.72,586/09
tafluprost (Saflutan),3851.65,581/09
liraglutide (Victoza),1241.5,585/09
"bemiparin 3,500 IU in 0.2ml solution for injection in prefilled syringes (Zibor)",933.97,204/05
sunitinib (Sutent),3058.75,275/06
pramipexole (Mirapexin),1681.99,580/09
nepafenac (Nevanac),3803.32,588/09
filgrastim (Ratiograstim),3662.86,577/09
fentanyl (Instanyl),1640.99,579/09
esomeprazole IV 40mg powder (Nexium),1587.83,578/09
bortezomib (Velcade),2216.88,302/06
agomelatine (Valdoxan),728.54,564/09
vildagliptin (Galvus),3319.55,571/09
romiplostim (Nplate),3226.76,553/09
quetiapine fumerate (Seroquel),2396.43,549/09
olmesartan medoximil / amlodipine besilate (Sevikar),1487.84,574/09
methotrexate (Metoject 50mg/ml),2769.09,573/09
metformin (Glucophage SR),3453.74,148/04
hydroxycarbamide (Siklos),3156.45,582/09
etonogestrel (Nuvaring),3400.04,502/08
estradiol / dienogest (Qlaira),994.86,583/09
prasugrel (Efient),1662.38,562/09
mecasermin (Increlex),3323.19,563/09
lamivudine / zidovudine (Combivir),1001.57,569/09
fosamprenavir (Telzir),2518.36,431/07
etoricoxib (Arcoxia),697.58,576/09
etanercept (Enbrel),560.56,570/09
darunavir (Prezista),2694.7,566/09
brinzolomide/timolol eye drops (Azarga),3085.67,568/09
rotigotine (Neupro),3114.44,548/09
peginterferon alfa-2a (Pegasys),3264.3,561/09
histrelin acetate (Vantas),1450.97,557/09
etravirine (Intelence),2895.22,530/09
calcipotriol 50 mcg/g / betamethasone 05 mg/g (Xamiol Gel®),2876.99,559/09
terlipressin acetate (Glyperessin Solution),1780.8,555/09
pegylated liposomal doxorubicin in combination with boretezomib (Caelyx plus Velcade),3678.04,503/08
infliximab (Remicade),3980.9,374/07
enoxaparin (Clexane),3531.74,380/07
tadalafil (Cialis),3822.79,554/09
sapropterin (Kuvan),2836.56,558/09
rituximab (MabThera),1385.3,540/09
pemetrexed (Alimta),1912.82,531/09
aripiprazole (Ablify),3565.07,498/09
paclitaxel (Abraxane),2915.79,556/09
caspofungin (Cancidas),1024.84,551/09
caspofungin (Cancidas),2344.59,552/09
caffeine 5mg/ml solution for injection,3311.46,550/09
topotecan hydrochloride (Hycamtin),3608.16,545/09
fluticasone furoate (Avamys),3367.92,544/09
cetuximab (Erbitux),1165.37,543/09
budesonide (Pulmicort),1472.21,536/09
"brinzolomide 10mg/ml eye drops, suspension (Azopt)",3519.75,546/09
tobramycin (Bramitob),2129.49,314/06
oxycodone / naloxone (Targinact),602.78,541/09
cladribine (LITAK),3569,537/09
cetuximab (Erbitux),1208.07,547/09
betaine anhydrous oral powder (Cystadane),3343.79,407/07
alitretinion (Toctino),1196.42,538/09
testosterone undecanoate (Nebido),1751.21,308/06
doripenem (Doribax),2614.22,539/09
sugammadex (Bridion),2308.48,527/09
pemetrexed (Alimta),1096.28,531/09
lapatinib (Tyverb),3482.01,526/09
lacosamide (Vimpat),1895.73,532/09
fentanyl sublingual (Abstral),2640.53,534/09
fentanyl buccal tablets (Effentora),1654.78,510/08
extended-release epidural morphine sulfate (Depodur),2146.94,528/09
etravirine (Intelence),1859.59,530/09
etonogestrel/ethinyl estradiol vaginal ring (NuvaRing),3641.54,502/08
doripenem (Doribax),3354.12,529/09
adalimumab (Humira),1980.15,533/09
zoledronic acid (Aclasta),1667.98,535/08
thalidomide (Pharmion),3040.54,525/08
salmeterol xinafoate fluticasone propionate combination inhaler (Seretide),931.91,450/08
buprenorphine transdermal patch (BuTrans),1869.99,234/06
aliskiren (Rasilez),630.82,462/08
rivaroxaban (Xarelto),2589.55,519/08
miconazole muco adhesive buccal tablet (Loramyc),3164.91,517/08
methylnaltrexone bromide (Relistor),968.78,518/08
flecainide 200mg caps (Tambocor XL),2666.52,521/08
bivalirudin (Angiox),2984.41,516/08
atazanavir (Reyataz),2884.15,520/08
aripiprazole IM (Abilify),2301.1,522/08
"rufinamide 100mg, 200mg, 400mg tablets (Inovelon)",3681.99,416/07
quetiapine fumerate (Seroquel XL),1111.82,433/07
Insulin glulisine (Apidra),2688.37,512/08
bosentan (Tracleer),2342.12,523/08
anidulafungin (Ecalta),668.48,465/08
ambrisentan (Volibris),2955.96,511/08
sitagliptin (Januvia),3637.6,505/08
salbutamol sulphate (Salbulin MDPI Novoliser),2363.49,504/08
pegylated liposomal doxorubicin (Caelyx),1317.95,503/08
maraviroc (Celsentri),1201.18,458/08
"insulin lispro (Humalog Mix25, Mix50 KwikPen)",2992.52,509/08
insulin lispro (Humalog KwikPen),2550.26,508/08
fosaprepitant (Ivemend),2946.57,506/08
duloxetine (Cymbalta),2865.07,514/08
dexrazoxane (Savene),2844.01,361/07
cinacalcet (Mimpara),3627.67,513/08
capecitabine (Xeloda),2305.1,507/08
ropinirole prolonged release (Requip XL),1581.85,491/08
rituximab (MabThera),2174.23,493/08
pemetrexed (Alimta),3468.8,342/07
micafungin (Mycamine),2092.02,497/08
aripiprazole (Abilify),868.06,498/08
alemtuzumab (MabCampath),3836.03,494/08
venlafaxine extended release capsules  (Efexor XL),1559.22,501/08
teriparatide (Forsteo),1042.76,490/08
Rabbit anti-human thymocyte immunoglobulin (Thymoglobuline),3897.2,489/08
pegylated interferon alfa 2b plus ribavirin (ViraferonPeg plus Rebetol),3378.06,488/08
melatonin 2mg prolonged-release tablets (Circadin),2854.79,500/08
lidocaine 5% medicated plaster (Versatis),1247.73,334/06
ibritumomab tiuxetan 1.6mg/ml (Zevalin),1535.89,499/08
clobetasol propionate (Etrivex Shampoo),3034.24,434/07
buprenorphine transdermal patch (BuTrans),1810.65,234/06
vildagliptin/metformin (Eucreas),1886.95,477/08
tenofovir (Viread),1135.1,479/08
paricalcitol 5 micrograms/ml and 10 micrograms/ml solution for injection (Zemplar),583.06,288/06
"paricalcitol capsules 1,2 and 4 micrograms (Zemplar)",1373.24,478/08
fesoterodine fumarate (Toviaz),1703.63,480/08
docetaxel (Taxotere),3551.67,481/08
"teriparatide 20 micrograms/80 microlitres, solution for injection, in prefilled pen (Forsteo)",3006.24,487/08
perindopril in combination with indapamine (Coversyl plus) 5mg/1.25mg tablet,1321.74,474/08
perindopril (Coversyl arganine) 2.5mg 5mg 10mg tablets,2860.69,473/08
panitumumab 20mg/ml concentrate for solution for infusion (Vectibix),1839.92,486/08
nilotinib (Tasigna),1260.68,440/08
loteprednol etabonate 0.5% 5mg/ml (Lotemax 0.5% eye drops suspension),1368.06,484/08
lidocaine 70mg/tetracaine 70mg (Rapydan 70mg/70mg medicated plaster),3047.22,483/08
glucosamine (Alateris),1111.23,471/08
epoetin zeta (Retacrit),2694.69,467/08
dabigatran Etexilate (Pradaxa),3391.39,466/08
botulinum neurotoxin type A (Xeomin),3820.57,464/08
bosentan 62.5mg 125mg film coated tablets (Tracleer),832.04,485/08
bevacizumab (Avastin),2335.44,469/08
anidulafungin (Ecalta),3286.06,465/08
adalimumab (Humira),2216.41,468/08
raltegravir (Isentress),3058.19,461/08
imiquimod 5% cream (Aldara),3309.63,385/07
escitalopram (Cipralex),2742.84,475/08
aliskiren (Rasilez),1780.22,462/08
vildagliptin (Galvus),3514.97,435/07
retapamulin (Altargo),890.34,472/08
paliperidone prolonged-release tablets (INVEGA),633.95,453/08
nelarabine (Atriance),3673.45,454/08
Methoxy polyethylene glycol-epoetin beta,2730.18,455/08
maraviroc (Celsentri),2779.85,458/08
insulin glulisine (Apidra Solostar),3423.88,457/08
insulin glargine (Lantus Solostar),3421.11,456/08
efavirenz / emtricitabine / tenofovir disoproxil fumarate (Atripla),2078.53,442/08
zoledronic acid (Aclasta),3793.53,447/08
salmeterol fluticasone 50/500 micrograms inhaler (Seretide 500 Accuhaler),3296.46,450/08
mesalazine 1200mg gastro-resistant prolonged release tablet (Mezavant XL),2891.24,445/08
infliximab (Remicade),3454.95,448/08
follitropin alpha/lutropin alpha (Pergoveris),760.87,444/08
diclofenac 75mg/2ml solution for injection (Dyloject),3204.46,446/08
daptomycin (Cubicin),3822.32,449/08
bevacizumab (Avastin),522.93,459/08
valsartan (Diovan),1894.8,351/07
telbivudine (Sebivo),3925.48,438/08
mesalazine (Asacol),602.97,224/05
mesalazine (Asacol),1099.18,222/05
mesalazine (Asacol),2857.34,223/05
losartan (Cozaar),1026.14,295/06
levetiracetam 250 500 750 and 1000mg tablets and levetiracetam oral solution 100mg/ml (Keppra),559.38,395/07
levetiracetam 250 500 750 and 1000mg tablets and levetiracetam oral solution 100mg/ml (Keppra),876.8,396/07
levetiracetam 250 500 750 and 1000mg tablets and levetircetam oral solution 100mg/ml (Keppra),1213.51,397/07
levetiracetam 250 500 750 and 1000mg tablets and levetiracetam oral solution 100mg/ml (Keppra),1315.9,394/07
glyceryl trinitrate 0.4% (Rectogesic),1789.58,200/05
fondiparinux sodium (Arixtra),1153.84,439/08
colesevelam hydrochloride (Cholestagel),2754.62,451/08
clobetasol propionate 0.05% shampoo (Etrivex),756.4,434/07
"standardised allergen extract of grass pollen from Timothy (Phleum pratense) 75,000 SQ-T per oral lyophilisate",3612.16,367/07
latanoprost timolol maleate (Xalacom),3709.75,432/07
"beclometasone 100mcg, formoterol 6mcg metered dose inhaler (Fostair®)",2434.77,373/07
topotecan (Hycamtin),3587.45,421/07
sevelamer (Renagel),3037.8,423/07
risedronate sodium (Actonel),2009.9,424/07
imatinib (Glivec),653.29,429/07
imatinib (Glivec),2786.58,428/07
imatinib (Glivec),2736.36,427/07
imatinib (Glivec),2016.86,430/07
imatinib (Glivec),2493.92,426/07
fosamprenavir (Telzir),711.68,431/07
fondaparinux (Arixtra),3599.08,420/07
esomeprazole (Nexium),590.63,422/07
bevacizumab (Avastin),2574.54,425/07
tiotropium (Spiriva-Respimat),3750.52,411/07
"rufinamide 100mg, 200mg and 400mg tablets (Inovelon)",3708.84,416/07
rivastigmine 4.6mg/24h and 9.5mg/24h transdermal Patch,2200.47,414/07
erdosteine 300mg capsules (Erdotin),3343.43,415/07
epoetin delta prefilled syringe (Dynepo),2936.17,418/07
dexrazoxane (Cardioxane) 419/07,3327.18,419/07
conjugated estrogen 0.3mg tablet (Premarin),2292.8,413/07
"ciclesonide 80mcg , 160mcg inhaler (Alvesco)",734.53,412/07
adalimumab 40mg solution for injection (Humira),2374.56,417/07
ziconotide 100 micrograms/ml solution for infusion (Prialt),3215.9,405/07
sitagliptin (Januvia),2028.7,408/07
omalizumab 150mg powder and solvent for injection (Xolair),1692.5,259/06
formoterol 12 mcg metered dose inhaler (Atimos Modulite),1865.85,349/07
"escitalopram 5mg, 10mg, 15mg and 20mg tablets and 10mg/ml oral drops (Cipralex)",1299.89,406/07
ertapenem (Invanz),1580.04,404/07
budesonide 2mg Rectal Foam (Budenofalk),1939.51,409/07
betaine anhydrous oral powder (Cystadane),648.01,407/07
"tacrolimus 0.5mg, 1mg, 5mg prolonged release capsule (Advagraf)",2523.21,402/07
sodium oxybate 500mg/ml oral solution (Xyrem),2734.92,246/06
risperidone 3mg 4mg orodispersible tablets (Risperdal Quicklet),571.3,403/07
"pioglitazone 15mg, 30mg and 45mg tablets (Actos)",1748.16,399/07
natalizumab 300mg concentrate for solution for infusion (Tysabri),3993.6,329/06
"levetiracetam 250, 500, 750 and 1000mg tablets and levetiracetam oral solution 100mg/ml (Keppra)",3505.02,397/07
"levetiracetam 250, 500, 750 and 1000mg tablets and levetiracetam oral solution 100mg/ml (Keppra)",1618.41,396/07
"levetiracetam 250, 500, 750 and 1000mg tablets and levetiracetam oral solution 100mg/ml (Keppra)",2135.04,395/07
"levetiracetam 250, 500, 750 and 1000mg tablets and levetiracetam oral solution 100mg/ml (Keppra)",1165.51,394/07
celecoxib (Celebrex),2702.09,410/07
capecitabine 150mg and 500mg tablets (Xeloda),1351.08,401/07
beclometasone dipropionate 5mg (Clipper),2016.11,166/05
abatacept 250mg powder for concentrate for solution (Orencia),1102.94,400/07
vinorelbine soft capsules (Navelbine Oral),2038.3,324/06
rotigotine (Neupro),2606.73,392/07
"pregabalin, 25mg, 50mg, 75mg, 100mg, 150mg, 200mg, 225mg, 300mg capsules (Lyrica)",3331.3,389/07
nebivolol tablets 5mg (Nebilet),2285.75,214/05
liposomal cytarabine 50mg suspension for injection (DepoCyte),949.05,164/05
"insulin detemir, 100 U/ml solution for injection via InnoLet device (Levemir in InnoLet)",3411.74,393/07
idursulfase 2mg/ml concentrate for solution for infusion (Elaprase),2906.5,391/07
clopidogrel 75mg tablets (Plavix),912.57,390/07
"bortezomib, 3.5mg vial of powder for solution for intravenous injection (Velcade)",3683.62,302/06
trastuzumab (Herceptin),3637.34,386/07
"sunitinib 12.5mg, 25mg, 50mg capsules (Sutent)",3281.87,384/07
"rotigotine 2mg/24 hours, 4mg/24 hours, 6mg/24 hours, 8mg/24 hours transdermal patch (Neupro)",2863.46,289/06
montelukast (Singulair paediatric),1715.33,383/07
methylphenidate HCI Prolonged release (Medikinet XL),3026.81,388/07
imiquimod 5% cream (Aldara),1286.87,385/07
ibritumomab tiuxetan (Zevalin),1081.29,171/05
"exenatide 5 or 10 micrograms, solution for injection, prefilled pen (Byetta)",2034.48,376/07
Erlotinib (Tarceva),700.98,382/07
bevacuzimab (Avastin),2986.64,387/07
"bemiparin 25,000 IU/ml injection for sub-cutaneous administration (Zibor)",2685.52,206/05
bemiparin 3500 IU in 0.2ml injection for sub-cutaneous administration (Zibor),2213.65,204/05
ranibizumab 10mg/ml solution for intravitreal injection (Lucentis),3149.23,381/07
posaconazole 40mg/ml oral suspension (Noxafil),1900.89,379/07
formoterol 12 micrograms metered dose inhaler (Easyhaler),913.02,375/07
esomeprazole 20mg and 40mg tablets(Nexium),3816.18,368/07
darunavir 300mg tablets (Prezista),2493.01,378/07
"darifenacin 7.5 mg, 15 mg prolonged-release tablets(Emselex)",2664.37,377/07
"budesonide/formoterol 100/6, 200/6 turbohaler (Symbicort SMART)",2940.62,362/07
testosterone 2% gel (Tostran),970.45,372/07
"topotecan 1mg, 4mg powder for concentrate for solution for infusion hydrochloride (Hycamtin)",2772.44,366/07
sitaxentan 100mg tablets (Thelin),1617.09,360/07
"lanthanum carbonate 500, 750, 1000mg chewable tablets (Fosrenol)",3109.58,286/06
infliximab 100mg powder for intravenous infusion (Remicade),802.33,363/07
infliximab 100mg powder for intravenous infusion (Remicade),3412.94,318/06
infliximab (Remicade),1180.41,374/07
docetaxel (Taxotere),546.66,369/07
dibotermin alfa (InductOs),2537.12,365/07
"dexrazoxane  20mg/ml, for infusion (Savene)",2289.34,361/07
desmopressin 240 micrograms oral lyophilisate (Desmomelt),1514.51,357/07
"desmopressin 60, 120 and 240 micrograms oral lyophilisate (DDAVP Melt)",3647.61,358/07
dasatinib (Sprycel),3254.09,371/07
buprenorphine transdermal patches (BuTrans),2885.47,234/06
azelaic acid (Finacea 15% gel),2261.63,359/07
infliximab 100mg powder for intravenous infusion (Remicade),2982.42,364/07
"pioglitazone 15mg, 30mg and 45mg tablets (Actos® triple therapy)",3355.01,354/07
parathyroid hormone (Preotact),2464.03,356/07
lidocaine 5% medicated plaster (Versatis®),945.21,334/06
Ivabradine (Procoralan®),646.32,319/06
glyceryl trinitrate 0.4% rectal ointment (Rectogesic®),1624.89,200/05
clostridium botulinum type A toxin haemagglutinin complex (Dysport®),3365.87,353/07
buprenorphine/naloxone (Suboxone),3861.59,355/07
amlodipine besylate/valsartan (Exforge®),1315.89,350/07
alglucosidase alfa (Myozyme®),2708.06,352/07
donepezil 5mg &amp; 10mg orodispersible tablets (Aricept Evess),3593.32,307/06
"tacrolimus, 5mg/ml concentrate for infusion and 0.5mg, 1mg, 5mg hard capsules (Prograf)",3789.39,346/07
TachoSil medicated sponge,1437.61,344/07
sunitinib 50mg capsule (Sutent),3701.74,343/07
rimonabant 20mg tablet (Acomplia),1145.18,341/07
propiverine hydrochloride 30Â mg modified release capsule (Detrunorm XL),2679.15,340/07
"pemetrexed, 500mg, powder for reconstitution (Alimta)",2480.43,342/07
Interferon beta-1b 250microgram/ml for solution for injection (Betaferon),1392.94,345/07
deferasirox (Exjade),3898.51,347/07
varenicline 1mg tablets (Champix),3969.92,336/06
omalizumab 150mg powder and solvent for injection (Xolair),1539.01,259/06
ertapenem 1g vial of powder for solution for intravenous infusion (Invanz),756.05,335/06
daptomycin 500Â mg powder for intravenous infusion (Cubicin),2074.01,338/06
"clofarabine, 1mg/ml concentrate for solution for infusion (Evoltra)",2538.4,327/06
"busulfan, 6mg/ml, intravenous (Busilvex)",3897.18,337/06
triptorelin 11.25mg vial for injection (Decapeptyl SR),3061.49,331/06
"temozolomide 5, 20, 100 and 250mg capsules (Temodal)",3819.06,244/06
rituximab 10mg/ml concentrate for infusion (MabThera),1684.5,330/06
rasagiline 1mg tablet monotherapy (Azilect),1990.55,243/06
rasagiline 1mg (Azilect),3194.71,255/06
pregabalin (Lyrica),2347.22,339/06
natalizumab 300mg concentrate for solution for infusion (Tysabri),1980.83,329/06
mitotane 500 mg tablets (Lysodren),1610.2,328/06
"methotrexate injection 10mg/ml, (Metoject)",3193.91,332/06
Lanreotide (Somatuline® LA),2009.21,231/06
gemcitabine 200mg and 1g powder for solution for infusion (Gemzar),2639.02,154/05
dorzolamide + timolol (Cosopt),3197,293/06
adalimumab 40mg pre-filled syringe (Humira),2139.3,300/06
sorafenib 200mg tablets (Nexavar),2229.29,321/06
"rituximab 100mg/10ml, 500mg/50ml ml solution for intravenous infusion (MabThera)",751.58,323/06
"lopinavir 200 mg, ritonavir 50 mg tablet (Kaletra)",3616.77,326/06
"fludarabine, 10mg tablet and 50mg for injection or infusion (Fludara)",3386.12,176/05
docetaxel (Taxotere) injection concentrate,2026.78,333/06
anastrozole 1mg tablet (Arimidex),3796.77,322/06
zoledronic acid 5mg/100ml solution for infusion (Aclasta),2887.97,317/06
sunitinib 50mg capsule (Sutent),1679.79,275/06
levetiracetam 500mg/5ml concentrate for infusion (Keppra),1784.52,311/06
lercanidipine 20mg tablet (Zanidip),1862.81,315/06
"ivabradine 5mg, 7.5mg tablets (Procoralan)",1181.96,319/06
"etoricoxib 60mg, 90mg and 120mg tablets (Arcoxia)",1222.29,313/06
"entecavir, 0.5 and 1mg tablets (Baraclude)",2300.55,320/06
choriogonadotropin alfa 250 mcg/0.5 ml pre filled syringe (Ovitrelle),2175.9,263/06
choriogonadotropin alfa 250Â mcg/0.5Â ml pre-filled syringe (Ovitrelle),1586.13,264/06
carglumic acid 200mg dispersible tablets (Carbaglu),1832.03,299/06
bimatoprost timolol Ganfort,1320.29,312/06
etanercept 50mg subcutaneous injection (Enbrel),2521.44,305/06
"topiramate 25, 50mg tablets, 25, 50mg sprinkle capsules (Topamax)",1747.62,297/06
"tipranavir, 250 mg capsule (Aptivus)",1956.06,226/06
Pioglitazone 15mg/metformin 850mg hydrochloride (Competact),3362.49,252/06
nebivolol tablets 5mg (Nebilet),2086.28,214/05
insulin glulisine for subcutaneous injection 100 units/ml (Apidra),3177.74,298/06
"ibandronic acid, 3mg in 3ml solution for injection (Bonviva)",2251.89,301/06
etanercept 50mg subcutaneous injection (Enbrel),934.45,304/06
etanercept 50mg subcutaneous injection (Enbrel),1301.2,303/06
duloxetine 30mg and 60mg capsules (Cymbalta),699.48,285/06
budesonide 200mcg (Novolizer®) inhaler,1991.23,306/06
bortezomib (Velcade) 3.5mg powder for intravenous injection,2343.45,302/06
"inhaled insulin, 1mg and 3mg inhalation powder (Exubera)",3168.91,254/06
Travoprost/timolol (Duotrav®),3095.34,294/06
salmeterol 25 mcg inhaler (Serevent Evohaler),2357.64,292/06
"rotigotine 2mg/24 hours, 4mg/24 hours, 6mg/24 hours, 8mg/24 hours transdermal patch (Neupro)",1104.03,289/06
rivastigmine (Exelon),1278.08,310/06
"Pregabalin 25, 50, 75, 100, 150, 200 and 300mg capsules (Lyrica)",3894.9,157/05
Pegaptanib (Macugen),591.5,290/06
paricalcitol 5mcg/ml and 10mcg/2ml solution for Injection (Zemplar),1796.19,288/06
losartan hydrochlorothiazide (Cozaar),3863.83,296/06
"fondaparinux, 2.5mg/0.5ml, solution for injection (Arixtra)",3145.33,287/06
ertapenem sodium infusion (Invanz) Paediatric,3911.21,291/06
beclometasone dipropionate (Clenil Modulite),3187.29,177/05
Tigecycline 50mg vial of powder tigecycline for intravenous infusion (Tygacil®),1778.88,277/06
tigecycline 50mg vial of powder tigecycline for intravenous infusion (Tygacil),1434.59,276/06
"rosiglitazone/metformin 2mg/500mg, 2mg/1g, 4mg/1g (Avandamet)",1647.98,281/06
ropinirole tablets (Adartrel),1323.95,165/05
dinoprostone 10mg vaginal delivery system (Propess),2182.6,283/06
desmopressin 120Â mcg  oral lyophilisate (DesoMelt),1745.73,282/06
clobetasol propionate 0.05% cutaneous foam (Clarelux),2217.31,280/06
cetuximab 2mg/ml intravenous infusion (Erbitux),2871.53,279/06
testosterone gel (Testim),3441.68,284/06
Somatropin (Norditropin SimpleXx),844.8,260/06
Omalizumab 150mg powder and solvent for injection (Xolair),2717.83,259/06
Interferon-alpha-2b/ Ribavarin (Viraferon/ Rebetol),3129.98,258/06
Esomeprazole (Nexium®),2474.57,274/06
Esomeprazole (Nexium®),3816.58,257/06
Ciclesonide (Alvesco®),2464.14,249/06
Trastuzumab 150mg vial (Herceptin),1553.38,278/06
Erlotinib (Tarceva®),3851.64,220/05
bevacizumab (Avastin),1318.35,221/05
transdermal fentanyl (Durogesic D Trans 12mcg/hr),1973.88,250/06
pramipexole (Mirapexin),2281.77,247/06
Pemetrexed (Alimta),1849.1,268/06
Palifermin (Kepivance®),2774.29,272/06
oxycodone (OxyNorm®),3417.74,266/06
Olmesartan/hydrochlorothiazide tablets (Olmetec Plus®),3432.39,225/05
letrozole (Femara),3677.76,251/06
Gonapeptyl depot 3.75mg,3060.86,269/06
Gonapeptyl depot 3.75mg,3616.29,270/06
fondaparinux (Arixtra),3189.35,261/06
fondaparinux (Arixtra),2844.38,262/06
escitalopram (Cipralex),2202.6,253/06
epinastine (Relestal),574.65,267/06
Darbepoetin alfa  Sureclick (Aranesp),1647.61,265/06
Darbepoetin alfa (Aranesp®),3803.16,273/06
cinacalcet (Mimpara),1165.96,271/06
choriogonadotropin alfa (Ovitrelle),1305.67,263/06
choriogonadotropin alfa (Ovitrelle),3842.13,264/06
Posaconazole 40mg/ml Oral Suspension (Noxafil),575.59,256/06
dorzolamide (Trusopt),1124.95,238/06
sodium oxybate 500mg/ml oral solution (Xyrem®),1576.09,246/06
"Glyceryl trinitrate (GTN), 0.4% w/w (4mg/g), rectal ointment (Rectogesic®)",1987.41,200/05
Daptomycin (Cubicin),1393.13,248/06
cinacalcet (Mimpara),1508.55,169/05
"Temozolomide 5, 20, 100 and 250mg capsules (Temodal®)",1647.13,244/06
Somatropin (Genotropin®) injection,2133.21,240/06
Rasagiline 1mg tablet (Azilect®),3016.1,243/06
Rasagiline 1mg tablet (Azilect®),626.44,255/06
modafinil (Provigil),3550.4,63/03
Lumiracoxib 100mg tablets (Prexige®),1594.53,245/06
"Budesonide inhaler 100mcg, 200mcg, 400mcg (Easyhaler® Budesonide)",1647.61,241/06
aprepitant (Emend),3359.39,242/06
Tramadol 37.5mg/paracetamol 325mg tablet (Tramacet®),2799.38,236/06
Sildenafil citrate 20mg tablets (Revatio®),2547.63,235/06
Rabeprazole 10 mg and 20 mg tablet (Pariet®),2570.98,232/06
Nicotonic acid modified release tabs (Niaspan®),3259.4,93/04
Ibuprofen intravenous injection 5mg/ml (Pedea®),1567.08,233/06
Ibandronic acid (Bonviva®),2431.38,228/05
formoterol 12 micrograms metered dose inhaler (Atimos Modulite®),1343.42,239/06
Emtricitabine/tenofovir disoproxil 200 mg / 245 mg tablet (Truvada®),2875.53,237/06
Emtricitabine 200 mg hard capsules (Emtriva®),1550.15,105/04
"Clarithromycin 125 mg, 187.5 mg, 250 mg granules for oral suspension (ClaroSip®)",649.22,217/05
Buprenorphine transdermal patches (BuTrans),3070.22,234/06
Tipranavir (Aptivus®),2046.25,226/05
"Olopatadine 1mg/ml eye drops, solution (Opatanol®)",1638.38,59/03
Metformin hydrochloride (Glucophage SR®),913.33,148/04
Lansoprazole oro-dispersible tablet (Zoton FasTab®),3977.37,229/05
Estradiol 1mg and drospirenone 2mg (Angeliq®),829.56,230/05
1 mg estradiol/2 mg drospirenone (Angeliq®),1674.24,227/05
"Zonisamide hard capsules 25 mg, 50 mg, 100 mg (Zonegran®)",3347.01,216/05
Iloprost trometamol nebuliser solution (Ventavis®),910.13,219/05
Erlotinib (Tarceva®),1082.36,220/05
Carmustine implant (Gliadel®),622.17,215/05
Calcipotriol and betamethasone ointment (Dovobet®),1772.71,09/02
adalimumab (Humira),2212.26,218/05
Solifenacin (Vesicare®),2690.2,129/04
Palonosetron 250 micrograms solution for injection (Aloxi®),1866.85,208/05
"Oxaliplatin 50mg, 100mg powder for intravenous infusion (Eloxatin®)",732.14,211/05
Exemestane 25mg tablets (Aromasin®),1241.68,210/05
etanercept (Enbrel),3711.48,212/05
docetaxel (Taxotere),1574.17,209/05
diclofenac (Voltarol Gel Patch),2447.23,199/05
Cilostazol (Pletal®),3058.64,86/04
alendronate colecalciferol (Fosavance),2433.79,213/05
Triptorelin 11.25mg injection (Decapeptyl SR®),819.34,207/05
"Glyceryl trinitrate (GTN), 0.4% w/w (4mg/g), rectal ointment (Rectogesic®)",3908.44,200/05
docetaxel (Taxotere),3372.11,201/05
cetuximab (Erbitux),1488.28,155/05
"Bemiparin, 2500 IU in 0.2 ml and 3500 IU in 0.2 ml, injection for sub-cutaneous administration (Zibor®)",2369.01,205/05
"Bemiparin, 3500 IU in 0.2 ml injection for sub-cutaneous administration (Zibor®)",2812.95,204/05
"Bemiparin, 2500 IU in 0.2 ml injection for sub-cutaneous administration (Zibor®)",3096.17,203/05
"Bemiparin, 25,000 IU/ml injection for sub-cutaneous administration",2081.44,206/05
Atorvastatin (Lipitor®),672.2,202/05
Anagrelide 0.5mg capsule (Xagrid®),3951.87,163/05
Pioglitazone (Actos®),1440.73,115/04
"Oxycodone prolonged release tablets 5,10,20,40 and 80mg (OxyContin®)",2626.46,197/05
Eflornithine 11.5% cream (Vaniqa®),3785.79,159/05
"Duloxetine 30mg, 60mg capsules (Cymbalta®)",2606.59,195/05
Brimonidine/timolol (Combigan®) eye drops,1433.1,196/05
Anastrozole 1mg tablets (Arimidex®),2990.23,198/05
"Voriconazole 50mg and 200mg tablets, 40mg/ml oral suspension, and 200mg vials (Vfend®) for infusion",3492.64,194/05
Tamsulosin (Flomaxtra XL®),3365.12,149/04
Strontium ranelate 2g granules for oral suspension (Protelos®),2216.77,178/05
Pemetrexed 500mg infusion (Alimta®),2217.58,192/05
Oxybutynin 3.9mg/24h transdermal patch (Kentera®),3876.61,190/05
Carbomer 0.25% gel (Liquivisc®),799.22,191/05
Capecitabine 150 and 500mg  tablets (Xeloda®),3903.81,193/05
Transdermal fentanyl (Durogesic D Trans®) Patches,2740.59,189/05
Pegylated interferon alfa 2a (Pegasys®),2767.65,186/05
montelukast (Singulair),3695.97,185/05
Fosamprenavir 700mg tablets and oral suspension 50mg/ml (Telzir®),3848.58,188/05
Ciclesonide (Alvesco®),3356.8,184/05
Atomoxetine (Strattera®),2214.2,153/05
Aripiprazole (Abilify®),1531,187/05
Vinorelbine capsule (Navelbine Oral®),3269.62,179/05
Rosiglitazone maleate (Avandia Triple Therapy®),1027.35,181/05
Reminyl XL®,3532.9,139/04
modafinil 100mg and 200mg tablets (Provigil),655.33,183/05
modafinil (Provigil),2631.71,63/03
Insulin detemir (Levemir®),2321.92,138/04
ezetimibe/simvastatin (Inegy),2195.01,182/05
"Valsartan 40mg, 80mg and 160mg capsules and tablets (Diovan®)",796.82,162/05
Triptorelin (Gonapeptyl Depot®),3079.38,160/05
TachoSil®,1584.67,168/05
pegvisomant (Somavert),2903.58,158/05
Paracetamol 500mg/50ml intravenous infusion (Perfalgan®),3237.65,172/05
liposomal cytarabine 50mg suspension for injection (Depocyte®),971.9,164/05
Imiquimod 5% cream (Aldara®),1398.49,167/05
Ibritumomab tiuxetan (Zevalin®),1763.65,171/05
Eplerenone (Inspra®),3456.04,136/04
Eflornithine 11.5% cream (Vaniqa®),2950.86,159/05
cinacalcet (Mimpara),3976.66,169/05
Candesartan cilexetil (Amias®),1170.92,161/05
Anagrelide 0.5mg capsule (Xagrid®),1529.75,163/05
Adefovir dipivoxil (Hepsera®),758.71,54/03
Abacavir/lamivudine combination (Kivexa®),2207.94,175/05
Abacavir 300mg tablets (Ziagen®),3838.15,174/05
Methylphenidate (Equasym XL®),3912.3,99/04
Metformin hydrochloride (Glucophage SR®),1172.35,148/04
Letrozole (Femara®),3260.36,152/05
Gemcitabine/paclitaxel (Gemzar®),2322.65,154/05
Bivalirudin 250mg for injection or infusion (Angiox®),3247.12,156/05
Atomoxetine (Strattera®),907.11,153/05
Pregabalin (Lyrica®),3832.29,145/04
Nicotinic acid modified release tablet (Niaspan®),1006.33,93/04
Mycophenolate sodium (Myfortic®),3846.96,144/04
levetiracetam (Keppra®) 750 mg tablets,915.63,150/04
levetiracetam (Keppra®) 100mg oral solution,3436.64,151/04
Efalizumab (Raptiva®),1699.68,146/04
caspofungin (Cancidas),3000.24,147/04
Voriconazole (VFEND),3170.57,142/04
Rosiglitazone maleate/metformin hydrochloride (Avandamet®),3418.52,140/04
Rituximab (MabThera®),2099.67,135/04
Paracetamol infusion (Perfalgan®),3111.77,137/04
Miglustat (Zavesca®),1621.78,133/04
Laronidase (Aldurazyme®),1293.96,100/04
Etomidate (Lipuro®),1115.95,143/04
ertapenem (Invanz),2784.64,134/04
Eplerenone (Inspra®),3058.48,136/04
Creon micro (Creon®),2095.33,141/04
Solifenacin (Vesicare®),966.07,129/04
losartan (Cozaar),1280.92,131/04
Conjugated oestrogen medroxyprogesterone (Premique Low Dose®),1455.96,130/04
aprepitant (Emend),2643.14,132/04
testosterone mucoadhesive buccal (Striant SR),3520.21,128/04
Sumatriptan succinate (Imigran Radis®),1474.97,127/04
Oxycodone (OxyNorm®),1628.45,125/04
Ibandronic acid (Bondronat®),1435.35,122/04
Ibandronic acid (Bondronat®),1634.73,123/04
Esomeprazole (Nexium®),2224.57,124/04
Duloxetine (Yentreve®),1971.06,119/04
Bortezomib (Velcade®),3460.56,126/04
Valsartan/hydrochlorothiazide (Co-Diovan®),3469.9,121/04
Rabeprazole (Pariet®),1336.4,118/04
Buprenorphine (Transtec®) matrix patches,1419.2,116/04
Atazanavir (Reyataz®),638.05,120/04
Rosiglitazone (Avandia®),1659.2,91/04
Risperidone (Risperdal®),3544.82,113/04
pimecrolimus cream (Elidel®),3905.57,35/03
Pioglitazone (Actos®),2960.06,115/04
Oestradiol (Estradot®) range of transdermal patches,2875.59,117/04
montelukast (Singulair),1157.69,111/04
losartan (Cozaar),883.71,112/04
Insulin detemir (Levemir®),2706.69,110/04
Aripiprazole (Abilify®),3010.42,95/04
Fulvestrant (Faslodex®),3849.26,114/04
Seretide 50 Evohaler (Salmeterol xinafoate 25mcg/fluticasone propionate 50mcg),2097.84,108/04
Quetiapine (Seroquel),1231.07,104/04
olanzapine (Zyprexa),625.47,106/04
Movicol Paediatric Plain,1347.89,103/04
Latanoprost (Xalatan),3316.08,102/04
Laronidase (Aldurazyme),3993.87,100/04
infliximab (Remicade),814.05,101/04
Etanercept (Enbrel®),2022.64,107/04
Decapeptyl SR 11.25 mg (Triptorelin acetate®),2369.63,109/04
Valdecoxib (Bextra®),2545.01,89/04
budesonide/formoterol (Symbicort),1172.61,97/04
Temoporfin (Foscan),3765.34,96/04
Olanzapine (Zyprexa),3737.54,98/04
Nicotinic acid modified release tablets (Niaspan®),3501.88,93/04
Macrogol 4000 (Idrolax®),2816.52,94/04
Clindamycin 1% and benzoyl peroxide 5% gel (Duac® once daily gel),1214.06,92/04
Rosiglitazone (Avandia®),831.77,91/04
Clopidogrel (Plavix®),716.67,88/04
Anastrozole (Arimidex®),1635.85,90/04
Alteplase (Actilyse®),1116.49,87/04
Travoprost (Travatan®),2389.89,60/04
Frovatriptan (Migard),1501.76,49/03
Fluvastatin (Lescol),2809.92,76/04
Cilostazol (Pletal®),3134.84,86/04
Zoledronic acid (Zometa®),3734.23,29/02
Topiramate (Topamax),841.54,75/03
Propofol 1% Emulsion (Propofol-Lipura 1%),2719.86,53/03
Pegylated liposomal doxorubicin (Caelyx®),3789.02,84/03
Memantine (Ebixa),627.19,57/03
"Levodopa, carbidopa and entacapone (Stalevo)",1946.78,85/03
caspofungin acetate (Caspofungin),3840.61,74/03
adalimumab (Humira),3721.72,81/03
Teriparatide (Forsteo®),3411.99,71/03
"Fluticasone, salmeterol (Seretide Accuhaler®)",1601.7,82/03
Sertraline (Lustral®),3901.85,68/03
olmesartan medoxomil (Olmetec),3578.28,78/03
Mometasone furoate (Asmanex Twisthaler®),2886.36,79/03
Methyl aminolevulinate (Metvix cream®),3027.2,51/03
Methyl aminolevulinate (Metvix cream®),2874.96,50/03
Ketotifen hydrogen fumarate (Zaditen®),3339.59,65/03
Avonex® liquid (Interferon beta 1a),3216.46,58/03
testosterone (Testogel) ,2348.1,83/03
Pegfilgrastim (Neulasta®),3631.59,67/03
Moxifloxacin (Avelox®),518.87,69/03
Moxifloxacin (Avelox®),1071.34,70/03
modafinil (Provigil),1961.26,63/03
Mirtazapine (Zispin Soltab®),1739.28,66/03
"Calcium phosphate, cholecalciferol (Calfovit D3)",1463.4,72/03
Valganciclovir (Valcyte),511.17,62/03
Perindopril/ Indapamide (Coversyl Plus®),955.29,64/03
Norelgestomic ethinyloestradiol (EVRA®),3022.8,48/03
ezetimibe (Ezetrol),2184.39,61/03
Desogestrel (Cerazette®),2233.28,36/03
Memantine (Ebixa®),2253.67,57/03
Enfuvirtide (Fuzeon®),2525.49,56/03
Adefovir dipivoxil (Hepsera®),2599.7,54/03
Methyl aminolevulinate (Metvix cream®),3520.3,50/03
Methyl aminolevulinate (Metvix cream®),1771.43,51/03
Frovatriptan (Migard),1876.29,49/03
Vardenafil (Levitra®),1171.31,47/03
olanzapine (Zyprexa),3926.21,44/03
Biphasic insulin aspart 30 (NovoMix 30®),3575.66,06/02
Zoledronic acid (Zometa®),3825.51,29/02
Telmisartan/hydrochlorothiazide (MicardisPlus®),1945.04,39/03
Tadalafil (Cialis®),3224.53,40/03
rosuvastatin (Crestor),3870.58,45/03
Risperidone orodispersible tablets (Risperdal Quicklet®),829.02,41/03
Risedronate sodium (Actonel®),2217.59,46/03
Irbesartan (Aprovel®),3489.36,38/03
Dutasteride (Avodart®),1407.62,37/03
docetaxel (Taxotere),778.9,42/03
Desogestrel (Cerazette®),2931.9,36/03
Calcitriol 3ug/g for psoriasis (Silkis Ointment®),2190.3,43/03
Rituximab (MabThera®),1037.09,33/03
etoricoxib (Arcoxia),2975.69,31/03
Escitalopram (Cipralex®),2159.2,17/02
Drospirenone ethinylestradiol (Yasmin®),2795.22,23/03
caspofungin acetate (Caspofungin),2199.23,30/03
Capecitabine (Xeloda®),2859.78,34/03
Bosentan (Tracleer®),2673.74,32/03
Parecoxib (Dynastat®),3630.73,27/02
Imatinib (Glivec®),3737.03,26/02
Fentanyl transdermal (Durogesic®),1911.92,24/02
Estradiol &amp; levonorgestrel patches (FemSeven Conti®),2470.32,28/02
Valganciclovir (Valcyte),979.15,21/02
Tiotropium bromide (Spiriva®),3674.83,19/02
Risperidone (Risperdal Consta®),584.44,22/02
Estradiol &amp; levonorgesteral patches (FemSeven Sequi®),3566.44,20/02
Omega-3-acid ethyl esters for (Omacor),1851.07,15/02
Omega-3-acid ethyl esters (Omacor®),1855.67,16/02
fondaparinux (Arixtra),1879.18,18/02
Escitalopram (Cipralex®),2130.95,17/02
Bexarotene (Targretin®),3055.82,14/02
anakinra (Kineret),1379.41,05/02
Tacrolimus ointment  (Protopic®),527.3,12/02
Insulin glargine (Lantus®),3171.21,11/02
drotrecogin alfa [activated] (Xigris®),2495.12,13/02
Pegylated interferon alfa-2a (Pegasys®),2414.01,10/02
Calcipotriol and bethamethasone ointment (Dovobet®),1332.9,09/02
imatinib (Glivec),651.56,08/02
Bimatoprost (Lumigan®),667.07,07/02
methylphenidate OROS (Concerta),2629.75,04/02
Biphasic insulin aspart 30 (Novomix 30®),1369.14,06/02
tenofovir disoproxil fumarate (Viread),1708.96,03/02
pegylated interferon alfa-2b (ViraferonPeg),1126.27,02/02
imatinib (Glivec),809.17,01/02